term,doc_1,doc_2,doc_3,doc_4,doc_5,doc_6,doc_7,doc_8,doc_9,doc_10
abdomen,0,0,1,0,0,2,1,3,0,0
abdominal,1,0,1,0,0,1,1,1,0,0
aborto,0,0,0,0,0,0,0,0,0,3
abreviacion,0,0,0,0,0,0,1,0,0,0
abrumador,0,0,0,0,1,0,0,0,0,0
absorber,0,0,0,0,0,0,1,0,0,0
absorcion,0,0,0,0,0,0,3,0,0,0
abuelo,0,0,0,0,1,0,0,0,0,0
abundante,0,0,0,0,0,0,0,0,0,3
acabar,1,0,0,0,0,0,0,0,0,0
acceso,1,0,0,0,0,0,0,0,0,0
accidental,0,0,0,0,1,0,0,0,0,0
acidez,0,0,0,0,0,1,0,0,0,0
acido,0,0,0,0,0,0,2,0,0,0
acth,1,0,0,0,0,0,0,0,0,0
activador,0,0,0,0,0,0,1,0,0,0
activamente,0,0,0,0,0,0,1,0,0,0
actividad,0,0,2,0,0,0,1,1,0,1
actual,0,0,0,0,1,0,0,0,0,0
actualizacion,1,0,0,0,0,0,0,0,0,0
actuan,0,0,0,0,0,0,1,0,0,0
acudir,1,0,0,0,1,0,0,0,0,2
acuerdo,0,1,0,0,0,0,0,0,0,0
acumulacion,1,0,0,0,0,1,0,1,0,0
acumular,0,0,0,0,1,0,0,3,1,0
acuoso,0,0,0,0,0,0,0,0,0,2
adecuado,0,0,0,0,0,0,0,0,0,1
adema,0,1,0,0,2,0,0,2,0,0
adhesion,0,0,0,0,0,0,1,0,0,0
adicional,0,0,0,0,1,0,0,0,0,1
adn,0,0,3,6,10,0,4,0,3,4
adormecimiento,1,0,0,0,0,0,0,0,0,0
adquirir,0,0,0,0,0,0,0,0,1,0
adrenocorticotropico,1,0,0,0,0,0,0,0,0,0
afeccion,2,1,2,1,2,0,1,0,1,5
afectado,0,0,0,0,0,0,1,1,1,0
afectar,5,0,1,0,2,0,0,0,5,0
aflatoxinar,0,0,0,0,0,0,4,0,0,0
aflotoxin,0,0,0,0,0,0,1,0,0,0
afortunadamente,0,0,0,0,1,0,0,0,0,0
africano,0,0,0,0,0,0,2,0,0,0
afroamericayo,0,0,0,0,0,0,1,0,0,0
afuero,0,0,0,0,0,1,0,0,0,0
agrandamiento,0,0,0,0,0,0,0,1,1,0
agrandar,0,0,1,5,2,0,0,1,1,3
agrande,0,0,0,0,1,0,0,0,0,0
agregar,0,0,0,0,1,0,0,0,0,0
agresivo,0,0,0,0,0,0,0,0,1,0
agruro,0,0,0,0,0,1,0,0,0,0
agua,1,0,0,0,1,0,0,0,0,0
agudo,0,0,0,0,0,0,0,0,9,0
aguja,0,0,0,0,0,0,1,0,0,0
ahora,1,0,0,0,1,0,0,0,0,2
aire,0,0,0,2,0,0,0,0,0,0
ajustado,0,0,0,1,0,0,0,0,0,0
ajustar,0,0,0,0,1,0,0,0,0,0
alcohol,0,0,4,0,0,0,3,0,0,0
alentar,0,0,0,0,1,0,0,0,0,0
alertar,0,0,0,0,0,1,0,0,0,0
algun,0,0,0,0,1,0,0,0,0,0
alguno,1,0,0,0,3,0,0,0,0,0
aliento,1,0,0,0,0,0,0,0,0,0
alimentacion,0,0,3,0,3,0,0,0,0,0
alimentate,0,0,0,0,0,0,0,0,0,1
alimento,0,0,1,0,3,0,1,1,0,0
almacenado,0,0,0,0,0,0,1,0,0,0
almacenamiento,0,0,0,0,0,0,1,0,0,0
almacenar,1,0,0,0,0,0,1,0,0,0
alrededor,1,0,1,2,0,0,1,0,0,0
alteracion,0,0,0,0,0,0,2,0,0,0
altero,0,0,0,0,0,0,1,0,0,0
alto,2,0,3,3,2,0,4,1,1,1
amarillentar,1,0,0,0,0,1,0,2,0,0
amarillento,0,0,0,0,0,0,1,0,0,0
amarillo,0,0,0,0,0,0,0,2,0,0
ambos,0,0,0,0,0,0,0,0,0,2
americano,0,1,0,0,0,0,0,0,0,0
americar,3,0,0,0,0,1,0,1,0,0
americo,0,0,0,0,0,0,1,0,0,0
amigdael,0,0,0,0,0,0,0,0,1,0
amigo,0,0,0,0,0,0,0,0,0,1
aminoacido,0,0,0,0,0,0,1,0,0,0
ampliamente,0,0,0,0,0,0,1,0,0,0
ampliar,1,0,0,0,0,0,0,0,0,0
amplio,1,0,0,1,0,0,0,0,0,0
ampolla,0,0,0,1,0,0,0,0,0,0
analisis,0,0,0,0,3,0,0,0,1,0
analizar,0,0,1,0,0,0,0,0,0,1
anatomia,0,0,0,0,0,0,1,0,0,0
anatomio,0,0,0,0,0,0,1,0,0,0
ancho,0,0,0,1,0,0,0,0,0,0
androgeno,0,0,0,0,2,0,0,0,0,0
anemiar,0,0,0,0,0,1,0,0,0,0
angosto,0,0,0,0,0,0,0,0,0,1
animacion,0,0,0,0,0,0,1,0,0,0
animal,0,0,0,0,1,0,1,0,0,0
animo,0,0,0,0,1,0,0,1,0,0
ano,0,0,3,1,1,0,7,0,3,7
anomaliar,0,0,0,0,3,0,0,0,0,1
anomalo,0,0,0,0,1,0,0,0,0,1
anorexia,0,0,0,0,0,0,1,0,0,0
anormal,0,0,0,0,1,0,1,0,3,0
anormalidad,0,0,0,0,0,0,1,0,0,0
ansiedad,0,0,0,0,0,0,0,0,0,1
antecedente,0,0,3,4,4,0,0,0,0,0
anteojo,0,0,0,1,0,0,0,0,0,0
anterior,0,0,1,0,0,0,0,0,0,0
anticuerpo,1,0,0,0,0,0,0,0,0,0
antidiureticar,1,0,0,0,0,0,0,0,0,0
antidiuretico,1,0,0,0,0,0,0,0,0,0
antigeno,0,0,0,0,1,0,0,0,0,0
antioxidant,0,0,1,0,0,0,0,0,0,0
aparato,0,0,0,0,0,0,0,0,0,3
aparecer,3,1,1,3,4,0,1,1,1,0
aparicion,1,0,0,0,1,0,0,0,0,0
apariencia,0,0,0,1,0,0,1,0,0,0
apetito,2,0,0,0,0,1,0,3,0,0
aplicar,0,0,0,1,1,0,0,0,0,0
aplicarel,0,0,0,1,0,0,0,0,0,0
apoptosis,0,0,0,0,0,0,4,0,0,0
apoyo,1,0,0,0,1,0,0,0,0,2
ardor,0,1,0,0,0,0,0,0,0,0
areo,0,0,0,0,0,0,1,0,0,0
arn,0,0,0,0,0,0,3,0,0,0
arrojado,0,0,1,0,0,0,0,0,0,0
arterial,2,0,0,0,0,0,0,0,0,0
asar,0,0,0,0,0,0,0,0,0,1
aseguratar,0,0,0,0,1,0,0,0,0,0
asi,4,0,0,0,0,0,1,1,1,0
asia,0,0,0,0,0,0,1,0,0,0
asiatico,0,0,0,0,0,0,2,0,0,0
asigna,0,0,0,0,0,0,1,0,0,0
asintomaticir,0,0,0,0,0,0,2,0,0,0
asociacion,0,0,0,0,0,0,2,0,0,0
asociado,0,0,0,0,1,0,3,0,0,0
asociar,1,0,0,0,0,0,0,0,0,0
asociarel,0,0,0,0,0,0,1,1,0,0
aspergillus,0,0,0,0,0,0,1,0,0,0
aspirinar,0,0,3,0,0,0,0,0,0,0
atacar,3,0,0,0,0,0,0,0,0,0
atacarel,0,0,0,0,0,0,0,0,0,1
ataque,1,0,0,0,0,0,0,0,0,0
atencion,0,0,6,4,8,0,0,0,0,8
aumentar,1,0,13,6,9,0,1,0,0,6
aumento,1,0,0,1,0,0,2,0,0,1
autoexploracion,0,1,0,0,0,0,0,0,0,0
avance,0,0,0,0,2,1,0,0,0,0
avanza,0,0,0,0,0,0,0,0,0,2
avanzado,0,0,1,0,7,0,2,0,0,1
avanzar,0,0,0,0,2,0,0,0,0,0
aviso,0,0,3,3,3,0,0,0,3,3
axilar,0,1,0,0,0,0,0,0,0,0
ayudar,0,0,5,1,2,0,2,3,1,0
ayudarte,0,0,0,0,2,0,0,0,0,1
ayudeno,1,0,0,0,0,0,0,0,0,0
ayudo,0,0,0,0,1,0,0,0,0,0
azucar,1,0,0,0,0,0,0,2,0,0
azulado,1,0,0,0,0,0,0,0,0,0
bajar,0,0,0,0,2,1,0,0,0,0
bajo,1,0,2,0,0,1,2,1,0,1
barcelona,0,0,0,0,0,0,1,0,0,0
basado,0,0,0,0,0,0,1,0,0,0
basal,0,0,0,7,0,0,0,0,0,0
basico,0,0,0,0,1,0,1,0,0,0
basocelular,0,0,0,8,0,0,0,0,0,0
bastante,0,0,0,0,0,1,0,1,0,0
bazo,0,0,0,0,0,0,0,0,2,0
beb,0,0,1,0,0,0,0,0,0,0
beber,0,0,2,0,0,0,0,0,0,0
bebido,0,0,2,0,0,0,0,0,0,0
beneficioso,0,0,0,0,2,0,0,0,0,0
benigno,0,0,1,0,0,0,1,0,0,0
bien,1,0,0,1,3,0,1,0,1,4
bienestar,0,0,0,0,1,0,0,0,0,0
biliar,0,0,0,0,0,0,7,7,0,0
bilirrubin,0,0,0,0,0,0,0,6,0,0
bilis,0,0,0,0,0,0,2,4,0,0
biologia,0,0,0,0,0,0,2,0,0,0
biomolecula,0,0,0,0,0,0,1,0,0,0
biopsia,0,0,0,0,0,0,5,0,0,2
blanco,0,0,0,4,0,0,1,0,6,0
blando,0,1,0,0,0,0,0,0,0,0
blasto,0,0,0,0,0,0,0,0,1,0
bloquea,0,0,0,0,0,0,0,2,0,0
bloquear,0,0,0,0,1,0,0,0,0,1
bloquearel,0,0,0,0,0,0,0,1,0,0
borde,0,1,0,2,0,0,0,1,0,0
brazo,4,0,0,3,1,0,1,0,0,0
brillante,0,0,0,1,0,0,0,0,0,0
brindar,1,0,0,0,0,0,0,0,0,0
brindir,0,0,0,0,0,0,0,0,0,1
brocoli,0,0,0,0,1,0,0,0,0,0
bronceadorar,0,0,0,7,0,0,0,0,0,0
bronquitis,1,0,0,0,0,0,0,0,0,0
buen,0,0,0,1,1,0,0,0,0,0
bulto,0,8,0,3,1,0,0,1,0,0
cabelludo,0,0,0,2,0,0,0,0,0,0
cabeza,3,0,0,0,0,0,0,1,0,0
cada,0,0,0,1,2,0,3,0,0,3
cadena,0,0,0,0,0,0,5,0,0,0
cadera,1,0,0,0,0,0,0,0,0,0
cafar,0,0,0,0,0,1,0,3,0,0
caido,1,0,0,0,0,0,0,0,0,0
cajar,0,0,0,0,0,0,1,0,0,0
calambre,1,0,1,0,0,0,0,0,0,0
calcio,2,0,0,0,0,0,0,0,0,0
calculo,0,0,0,0,0,0,0,1,0,0
calor,0,0,0,0,1,0,0,1,0,0
calorio,0,0,2,0,1,0,0,0,0,0
cama,0,0,0,7,0,0,0,0,0,0
camar,0,0,1,0,0,0,0,0,0,0
cambiar,0,0,0,1,0,0,0,0,0,1
cambio,5,4,7,10,8,0,0,1,1,3
caminar,1,0,0,0,0,0,0,0,0,0
campo,1,0,0,0,0,0,0,0,0,1
canado,0,0,0,0,0,0,1,0,0,0
canal,0,0,0,0,0,0,0,0,1,1
cancer,0,0,0,0,0,0,0,0,0,1
canceroso,3,2,0,5,10,0,2,0,0,7
cansador,0,0,0,0,0,0,0,0,0,1
cansancio,9,0,2,0,2,2,0,4,1,1
cantidad,0,0,2,1,2,0,1,0,2,1
capa,0,0,0,1,0,0,0,0,0,1
capaz,0,0,0,0,0,0,2,0,0,0
cara,3,0,0,2,0,0,0,0,0,0
caracteristico,0,0,0,0,0,0,1,0,0,0
carbonir,1,0,0,0,0,0,0,0,0,0
carcinoma,0,0,0,19,0,0,5,0,0,2
carcinomar,0,0,0,1,0,0,2,0,0,0
cardiaco,1,0,0,0,0,0,0,0,0,0
care,0,0,1,0,0,0,0,0,0,0
carne,0,0,2,0,0,0,0,0,0,0
cascado,0,0,0,0,0,0,1,0,0,0
casi,0,0,0,0,0,0,2,3,0,0
caso,2,2,1,1,3,0,1,0,0,2
causa,10,0,2,7,6,4,2,10,2,3
causado,2,0,0,0,0,0,0,0,0,0
causante,0,0,0,0,0,0,0,0,0,1
causar,12,1,2,1,2,1,2,10,1,6
cause,0,0,0,0,1,0,0,0,0,0
cava,4,0,0,0,0,0,0,0,0,0
cell,6,0,0,0,0,0,0,0,0,0
cellular,0,0,0,0,0,0,1,0,0,0
celuel,0,0,1,7,2,0,2,0,1,3
celula,21,0,10,28,22,0,32,1,17,33
celular,0,0,0,0,0,0,17,0,0,1
centrado,0,0,0,0,0,0,1,0,0,0
centrar,0,0,0,0,0,0,0,0,1,0
centro,1,0,0,0,0,0,0,0,0,0
cepa,0,0,0,0,0,0,0,0,0,1
cerca,1,0,0,0,0,0,1,1,0,0
cercano,0,1,0,0,1,0,1,2,0,0
cereal,0,0,1,0,1,0,0,0,0,0
cerebelo,2,0,0,0,0,0,0,0,0,0
cerebro,5,0,0,0,0,0,0,0,0,0
cerrar,0,0,1,5,2,0,0,0,1,3
certero,0,0,0,0,1,0,0,0,0,0
certeza,0,0,0,0,0,0,0,0,0,1
certificacion,1,0,0,0,0,0,0,0,0,0
cervical,0,0,0,0,0,0,1,0,0,6
ciclo,0,0,1,0,0,0,1,0,0,1
cientifico,0,0,0,0,1,0,0,0,0,0
cierto,1,0,0,1,1,0,0,0,1,0
cigarrillo,0,0,0,0,0,0,1,0,0,0
cinco,0,0,0,0,0,0,0,0,0,1
cincuenta,0,0,0,0,0,0,0,0,0,1
circundante,0,0,0,0,1,0,0,0,0,0
cirrosis,0,0,0,0,0,0,5,0,0,0
cirugia,0,0,1,0,2,1,1,0,0,1
cirugiir,0,0,0,0,0,0,0,0,0,1
cirugio,2,0,0,0,0,0,0,1,0,0
cita,0,0,1,1,0,0,0,0,1,0
citar,0,0,0,0,1,0,0,0,0,0
citologia,0,0,0,0,0,0,0,0,0,1
clamidia,0,0,0,0,0,0,0,0,0,1
claro,0,1,1,2,2,0,1,2,0,2
clasificacion,0,0,0,0,1,0,0,0,2,0
clasificar,0,0,0,0,0,0,0,0,1,0
clasifico,0,0,0,0,0,0,0,0,1,0
clave,1,0,0,0,0,1,1,1,0,0
clavicular,1,0,0,0,0,0,0,0,0,0
clinical,1,0,0,0,0,0,0,0,0,0
clinico,0,0,0,0,0,0,1,0,0,0
coagulacion,0,0,0,0,0,0,1,0,0,0
coagulo,0,0,0,0,0,0,0,6,0,0
cobrar,0,0,0,0,0,0,1,0,0,0
codificado,0,0,0,0,0,0,1,0,0,0
codifico,0,0,0,0,0,0,1,0,0,0
coincidir,0,0,0,0,1,0,0,0,0,0
cola,0,0,0,0,1,0,0,2,0,0
colangiocarcinoma,0,0,0,0,0,0,3,0,0,0
colangiocarcinomo,0,0,0,0,0,0,1,0,0,0
coledoco,0,0,0,0,0,0,0,3,0,0
colesterol,0,0,0,0,0,0,4,0,0,0
coliflor,0,0,0,0,1,0,0,0,0,0
coliti,0,0,1,0,0,0,0,0,0,0
colon,0,0,63,0,0,0,0,0,0,0
colonoscopia,0,0,1,0,0,0,0,0,0,0
color,2,0,0,6,1,1,1,6,0,0
coloracion,1,0,0,0,0,1,0,2,0,0
colorrectal,0,0,2,0,0,0,0,0,0,0
colposcopia,0,0,0,0,0,0,0,0,0,2
columna,0,0,0,0,0,0,0,0,0,2
comar,0,0,2,0,1,0,0,0,0,0
combate,0,0,0,1,0,0,0,0,0,0
combatient,0,0,0,0,0,0,0,0,1,0
combin,0,0,1,0,0,0,0,0,0,0
combinar,0,0,1,0,0,0,0,0,0,1
combination,0,0,0,0,0,0,0,0,1,0
comenzar,0,0,5,4,5,0,1,3,0,10
comenzo,0,0,0,0,0,0,0,0,0,1
comer,0,0,1,0,1,1,1,1,0,0
comercial,0,0,2,2,2,0,0,0,2,2
comezon,0,0,0,0,0,0,0,1,0,0
comida,0,0,0,0,0,1,0,0,0,0
comienzo,2,0,0,0,0,0,1,1,0,0
comodamente,0,0,0,0,0,0,0,0,0,1
compania,0,0,1,1,1,0,0,0,1,1
comparacion,0,0,0,0,1,0,1,0,0,0
complejo,0,0,0,0,0,0,0,0,1,0
completamente,0,0,0,0,0,0,2,0,0,0
completo,0,0,0,0,0,0,0,0,0,1
complicacion,0,0,0,0,2,0,0,0,0,0
componente,0,0,0,0,1,0,0,0,0,0
comportamiento,1,0,0,0,0,0,0,0,0,0
composicion,0,0,0,0,0,0,1,0,0,0
comprender,0,0,0,0,0,0,0,0,1,1
compuesto,1,0,0,0,0,0,1,0,0,0
computarizado,0,0,0,0,1,0,0,0,0,0
comun,3,2,0,2,3,0,7,2,2,0
comunicar,1,0,0,0,0,0,0,0,0,0
concentrar,0,0,0,0,0,0,0,0,0,1
concepto,0,0,0,0,1,0,0,0,0,0
conciencio,1,0,0,0,0,0,0,0,0,0
concluyent,0,0,0,0,0,0,1,0,0,0
condicion,0,0,0,0,0,0,1,0,0,0
conducto,0,0,0,0,1,0,3,5,0,1
conectar,0,0,0,0,0,0,1,0,0,0
conecto,0,0,0,0,0,0,0,0,0,1
confiado,0,0,0,0,0,0,0,0,0,1
confianza,1,0,0,0,0,0,0,0,0,0
conformar,0,0,0,0,0,0,0,0,0,1
confundirel,0,0,0,0,0,0,1,0,0,0
confusion,2,0,0,0,0,0,0,0,0,0
congela,0,0,0,0,1,0,0,0,0,0
conicar,0,0,0,0,0,0,0,0,0,1
conjunto,0,0,0,0,0,0,1,0,0,0
conllevar,0,0,0,0,1,0,0,0,0,0
conocer,1,0,0,1,3,0,1,0,0,0
conocido,0,0,0,0,2,0,2,0,0,1
conocimiento,1,0,0,0,0,0,0,0,0,0
consanguineo,0,0,1,1,1,0,0,0,0,0
consecuencia,0,0,0,0,0,2,0,0,0,0
conseguir,0,0,0,0,2,0,0,0,0,0
consejo,0,0,0,0,1,0,0,0,0,0
consider,0,0,0,0,1,0,0,0,0,0
considerar,0,0,2,0,2,0,0,0,0,0
constantemente,0,0,0,0,1,0,0,0,0,0
consulta,0,0,1,1,1,0,0,0,1,0
consultar,0,1,1,1,1,0,0,0,1,1
consulte,1,0,0,0,0,0,0,0,0,0
consum,0,0,0,0,1,0,0,0,0,0
consumir,0,0,1,0,0,0,0,0,0,0
consumo,0,0,0,0,0,0,1,0,0,0
contagia,0,0,0,0,0,0,0,0,0,1
contagiarel,0,0,0,0,0,0,0,0,0,1
contar,0,1,0,0,1,0,0,0,1,1
contener,0,0,1,2,2,0,2,1,1,1
continuar,1,0,0,0,0,0,0,0,0,0
continuen,0,0,0,0,0,0,0,0,1,0
continuo,0,0,1,0,0,0,0,0,0,0
contradictorio,0,0,0,0,0,0,1,0,0,0
contraer,0,0,0,1,0,0,0,0,0,4
contraste,0,0,0,0,0,0,1,0,0,0
contribuir,0,0,0,0,0,0,1,0,0,1
control,0,0,0,0,0,0,1,1,0,1
controlado,0,0,0,0,0,0,1,0,0,0
controlar,1,0,0,1,2,0,3,0,0,0
controlarel,0,0,1,0,0,0,0,0,0,0
conversacion,0,0,0,0,1,0,0,0,0,0
convertir,0,0,0,0,1,0,1,0,0,1
convertirel,0,0,1,0,0,0,0,0,0,1
convulsion,3,0,0,0,0,0,0,0,0,0
corazon,1,0,0,0,0,0,0,0,0,0
corporal,0,0,0,0,1,0,2,0,0,0
correctamente,0,0,0,0,0,0,0,0,1,0
correr,0,0,2,0,1,0,0,0,0,0
cortisol,1,0,0,0,0,0,0,0,0,0
cosa,1,0,0,0,0,1,0,0,0,0
costilla,0,0,0,0,0,0,0,2,0,0
costra,0,0,0,1,0,0,0,0,0,0
crear,0,0,0,0,1,0,0,0,0,0
crecer,0,1,0,0,2,0,3,1,4,0
crecido,0,0,0,0,0,0,0,1,0,0
crecimientir,0,0,0,0,0,0,1,0,0,0
crecimiento,0,0,0,0,0,0,6,0,0,0
creer,1,0,0,1,0,0,1,0,1,0
cremo,0,0,0,1,0,0,0,0,0,0
crezcar,0,0,0,0,1,0,0,0,0,0
crioterapio,0,0,0,0,1,0,0,0,0,0
criticar,1,0,0,0,0,0,0,0,0,0
critico,0,0,0,0,0,0,1,0,0,0
crohn,0,0,1,0,0,0,0,0,0,0
cromosomar,0,0,0,0,0,0,3,0,0,0
cronico,0,0,0,0,0,0,1,0,9,0
cualquiera,3,1,3,2,1,1,2,0,0,0
cuanto,0,0,1,0,0,0,0,0,0,2
cuatro,0,0,0,0,0,0,3,0,0,0
cubr,0,0,0,1,0,0,0,0,0,0
cubra,0,0,0,1,0,0,0,0,0,0
cubrir,0,1,0,0,0,0,0,0,0,0
cubrirel,0,0,0,1,0,0,0,0,0,0
cuello,2,0,0,1,0,0,0,0,0,55
cuero,0,0,0,2,0,0,0,0,0,0
cuerpo,2,0,3,7,8,0,5,4,2,3
cuestionario,1,0,0,0,0,0,0,0,0,0
cuidado,1,0,0,0,0,0,0,0,0,0
cuidadosamente,0,0,0,0,0,0,1,0,0,0
cuidate,0,0,0,0,0,0,0,0,0,1
cumplir,0,0,0,0,0,0,0,0,1,0
cura,0,0,0,1,0,0,0,0,0,0
curable,0,0,0,0,0,0,0,0,0,1
curacion,0,0,0,1,0,0,0,0,0,0
curar,0,0,0,0,4,0,0,0,0,0
curarel,0,0,0,0,1,0,0,0,0,0
cushing,4,0,0,0,0,0,0,0,0,0
cutaneo,0,1,0,2,0,0,0,0,0,0
dado,0,0,0,0,1,0,0,0,0,0
danado,0,0,0,0,0,0,1,0,0,0
danar,0,0,0,0,1,0,0,0,0,0
dane,1,0,0,0,0,0,0,0,0,0
dano,0,0,0,0,0,0,0,0,0,1
dar,2,0,0,0,0,0,0,2,0,0
darte,0,0,0,0,1,0,0,0,0,0
datar,1,0,0,0,0,0,0,0,0,0
debajo,0,0,0,1,2,0,1,1,0,0
deber,0,0,2,4,3,0,3,3,1,2
deberel,0,0,0,0,1,0,0,0,0,0
debido,2,0,1,0,0,0,1,0,0,0
debil,1,0,0,0,0,0,0,0,0,0
debilitado,0,0,0,4,0,0,0,0,0,3
debilitar,0,0,0,1,0,0,0,0,0,0
decado,0,0,0,0,0,0,0,0,0,1
decidir,0,0,1,0,0,0,0,0,0,0
decir,0,0,0,0,1,0,0,0,1,0
decision,0,0,0,0,2,0,1,0,0,1
decker,1,0,0,0,0,0,0,0,0,0
dedo,0,0,0,0,1,0,0,0,0,0
defecacion,0,0,1,0,0,0,0,0,0,0
defectiva,0,0,0,0,0,0,1,0,0,0
definicion,0,0,0,0,1,0,0,0,0,0
definido,0,0,0,0,0,0,1,0,0,0
degeneracion,1,0,0,0,0,0,0,0,0,0
dej,0,1,0,0,0,0,0,0,0,0
dejar,0,0,1,0,1,0,1,0,0,1
dejarel,0,0,1,0,0,0,0,0,0,0
delantero,0,0,0,1,0,0,0,0,0,0
delgado,0,0,0,0,0,0,2,0,0,1
dema,0,0,0,0,1,0,0,0,0,0
demasiado,1,1,1,0,0,0,0,0,1,0
demostrado,0,0,0,0,2,0,1,0,0,0
demostrar,0,0,0,0,0,0,1,0,0,0
denomin,0,0,0,0,1,0,0,0,0,0
denominado,0,1,0,1,0,0,0,0,0,0
denominar,1,0,1,0,0,0,0,0,0,0
dentro,1,0,0,0,0,0,3,0,0,0
deoxirribonucleoso,0,0,0,0,0,0,1,0,0,0
dependar,0,0,1,0,0,0,0,0,0,0
depender,0,0,0,0,0,0,1,0,0,0
deprimido,0,0,0,0,0,0,0,1,0,0
derecho,2,0,0,0,0,0,0,2,0,0
derivar,0,0,0,1,0,0,1,0,0,1
desacelerar,0,0,0,0,0,0,1,0,0,0
desafortunadamente,0,0,0,0,1,0,0,0,0,1
desaparecer,2,0,0,0,0,0,0,0,0,1
desaparezcar,0,0,0,0,0,0,0,0,0,1
desapercibido,0,0,0,0,0,0,0,0,1,0
desarrollado,0,0,0,0,0,0,2,0,0,0
desarrollar,0,0,0,2,1,0,3,0,0,1
desarrollo,0,0,1,3,1,0,8,0,0,0
descamacion,0,1,0,0,0,0,0,0,0,0
descansar,0,0,0,0,0,0,0,0,0,1
descargar,1,0,0,0,0,1,0,1,0,0
descomponer,0,0,1,0,0,0,1,2,0,0
desconocer,0,0,0,0,1,0,0,0,0,0
descontrolar,0,0,0,0,0,0,0,0,1,0
descripcion,0,0,0,1,1,0,0,0,1,0
descubrir,1,0,0,0,0,0,1,0,1,0
desear,0,0,0,0,2,0,0,0,0,1
desempenar,0,0,0,0,1,0,0,0,0,0
desigual,0,0,1,0,0,0,0,0,0,0
despacio,0,0,1,0,1,0,0,0,0,0
desplazar,0,0,0,0,0,0,0,0,1,0
desprender,0,0,0,0,0,0,0,1,0,0
desprenderel,0,0,1,2,1,0,0,0,0,1
despu,3,0,0,1,2,3,2,3,1,4
destruir,0,0,1,2,1,0,0,1,0,2
deteccion,2,1,5,0,1,2,4,1,0,4
detectar,0,0,1,1,8,2,1,2,0,4
detecto,0,0,0,0,4,0,0,0,0,0
determinacion,2,0,0,0,0,1,0,1,0,0
determinado,0,0,0,1,2,0,0,0,1,0
determinar,2,0,1,0,2,0,1,0,0,0
diabet,0,0,1,0,0,0,1,1,0,0
diagnosticar,1,0,0,0,0,0,2,0,0,0
diagnosticarel,0,0,0,0,0,0,0,0,1,0
diagnostico,2,0,0,0,6,2,3,1,0,2
diar,0,0,2,0,0,0,1,0,0,0
diario,0,0,2,0,0,0,0,0,0,0
diarrear,0,0,1,0,0,0,0,0,0,0
dietar,0,0,1,0,0,0,0,0,0,0
dietilestilbestrol,0,0,0,0,0,0,0,0,0,2
diferenciacion,0,0,0,0,0,0,2,0,0,0
diferenciado,0,0,0,0,0,0,1,0,0,0
diferenciar,0,0,0,0,1,0,3,0,0,0
diferenciarel,0,0,0,0,0,0,1,0,0,0
diferencio,0,0,0,0,0,0,1,0,0,0
diferente,0,0,1,1,2,0,3,0,0,1
dificil,0,0,0,0,1,0,1,0,0,1
dificultad,4,0,0,0,4,0,0,1,0,0
dificultar,0,0,0,1,0,0,0,1,0,0
digestion,0,0,0,0,0,0,2,0,0,0
digestivir,0,0,1,0,0,0,0,0,0,0
digestivo,0,0,3,0,0,0,0,0,0,0
digital,0,0,1,1,1,0,0,0,0,0
diir,0,0,0,1,0,0,0,0,0,0
directamente,0,0,0,0,0,0,1,0,0,0
dirigen,0,0,0,0,0,0,1,0,0,0
dirigido,1,0,2,0,0,1,0,1,0,2
dirijar,0,0,0,0,0,0,1,0,0,0
disemin,0,0,1,1,7,0,0,0,0,0
diseminar,0,0,0,0,1,0,0,0,0,0
diseminarel,0,0,1,2,2,0,0,0,0,1
diseminir,0,0,0,1,1,0,0,0,0,0
disemino,0,0,0,0,1,0,0,0,0,0
disenado,1,0,0,0,0,0,1,0,0,0
disfuncion,0,0,0,0,3,0,0,0,0,0
disminucion,0,0,0,0,1,0,0,0,0,0
disminuir,0,0,0,0,0,0,2,0,1,0
disponible,0,0,0,0,1,0,1,0,0,1
distante,2,0,0,0,0,0,0,0,0,0
distinto,3,0,0,0,0,0,2,2,0,0
diverso,0,0,0,0,2,0,2,0,0,1
dividir,0,0,0,0,0,0,0,0,1,1
dividirel,0,0,0,0,0,0,2,0,1,0
division,0,0,0,0,0,0,11,0,0,0
dolor,7,9,2,1,3,1,1,10,1,5
dominio,0,0,0,0,0,0,1,0,0,0
donant,1,0,0,0,0,0,0,0,0,0
donar,1,0,0,0,0,0,0,0,0,0
donir,2,0,0,0,0,0,0,0,0,0
dormir,0,0,0,0,0,0,0,1,0,0
doroshow,1,0,0,0,0,0,0,0,0,0
dorso,0,0,0,1,0,0,0,0,0,0
dos,0,0,1,2,0,0,2,0,0,2
dosis,0,0,1,0,0,0,0,0,0,1
drena,0,0,0,0,1,0,0,0,0,0
duracion,0,0,0,0,0,0,0,0,0,1
durar,0,0,0,0,0,0,0,0,0,1
duro,0,1,0,0,0,0,0,0,0,0
dvt,0,0,0,0,0,0,0,1,0,0
eaton,1,0,0,0,0,0,0,0,0,0
ecografia,0,0,0,0,1,0,1,0,0,0
ectopico,1,0,0,0,0,0,0,0,0,0
ed,3,0,0,0,0,0,0,0,0,0
edad,0,0,3,1,6,0,4,0,0,3
edicion,0,0,2,2,0,0,0,0,0,1
editor,1,0,0,0,0,0,0,0,0,0
editorial,1,0,0,0,0,0,0,0,0,0
efectivo,1,0,0,0,0,0,0,0,0,0
efecto,0,0,0,0,1,0,0,0,0,0
eficacia,0,0,0,0,1,0,0,0,0,0
eficaz,0,0,0,0,1,0,0,0,0,0
ejemplo,2,0,1,1,0,0,2,0,0,1
ejercicio,0,0,5,0,9,0,0,0,0,0
electroquirurgico,0,0,0,0,0,0,0,0,0,1
elegir,0,0,1,0,1,0,0,0,0,0
elevado,0,0,2,0,0,0,0,0,0,0
eliminar,0,0,0,0,2,0,0,0,0,0
elsevier,1,0,0,0,0,0,0,0,0,0
elular,0,0,0,0,0,0,1,0,0,0
embarazo,0,0,0,0,0,0,0,0,0,2
embargo,0,0,3,1,1,0,1,1,0,3
emboliar,0,0,0,0,0,0,0,1,0,0
embolizacion,0,0,0,0,0,0,0,1,0,0
emision,0,0,0,0,1,0,0,0,0,0
emitir,0,0,0,2,0,0,0,0,0,0
emocion,1,0,0,0,0,0,0,0,0,0
empeora,2,0,0,0,0,0,0,0,0,0
empeorar,0,1,0,0,0,0,0,1,0,0
empeoro,0,0,0,0,0,0,0,0,1,0
empezar,0,0,2,0,0,0,0,0,0,1
empiez,0,0,0,0,1,0,0,0,0,1
empoderado,0,0,0,0,0,0,0,0,0,1
empujar,0,0,0,1,0,0,0,0,0,0
encargado,1,0,0,0,0,0,1,0,0,0
encargar,0,0,0,0,0,0,1,0,0,0
encefaliti,1,0,0,0,0,0,0,0,0,0
encima,1,0,0,0,0,1,0,0,0,0
encontrado,0,0,0,0,0,0,1,0,0,0
encontrar,0,0,1,1,4,1,9,0,0,0
encontrarel,0,0,1,0,0,0,0,0,0,0
encuentro,0,0,0,0,1,0,0,0,0,0
endocervical,0,0,0,0,0,0,0,0,0,1
endocrino,3,0,0,0,0,0,0,0,0,0
energia,0,0,0,0,1,0,1,1,0,1
energiar,0,0,0,0,0,0,0,0,0,1
enfermedad,3,1,4,1,0,0,5,1,3,0
enfermerio,1,0,0,0,0,0,0,0,0,0
enfoque,0,0,0,0,0,0,1,0,0,0
engrosamiento,0,1,0,0,0,0,0,0,0,0
enrojecimiento,0,2,0,0,0,0,0,1,0,0
entonces,0,0,0,0,1,0,1,1,0,0
entrada,0,0,0,0,0,0,1,0,0,0
entrar,1,0,0,0,0,0,1,0,0,0
entregar,0,0,0,0,0,0,1,0,0,0
envejecer,0,0,0,0,1,0,0,0,0,0
envejecimiento,0,0,0,0,1,0,0,0,0,0
envejezar,0,0,0,0,1,0,0,0,0,0
envia,0,0,0,0,0,0,2,0,0,0
enviar,0,0,0,0,0,0,1,0,0,0
environmental,0,0,0,0,0,0,0,0,1,0
enzima,0,0,0,0,0,0,0,1,0,0
eon,0,0,0,1,0,0,0,0,0,0
epidermis,0,0,0,1,0,0,0,0,0,0
epidermoidar,0,0,0,2,0,0,0,0,0,0
epidermoidir,0,0,0,0,0,0,0,0,0,1
epitelial,0,0,0,0,0,0,1,0,0,0
epstein,0,0,0,0,0,0,1,0,0,0
equilibrio,2,0,0,0,0,0,0,0,0,0
equipo,2,0,4,1,2,0,0,0,0,1
ereccion,0,0,0,0,2,0,0,0,0,0
erectil,0,0,0,0,3,0,0,0,0,0
error,2,0,0,0,0,0,0,0,0,0
escalofrio,0,0,0,0,0,0,0,0,1,0
escamos,0,0,0,7,0,0,0,0,0,4
escision,0,0,0,0,0,0,0,0,0,1
escrito,1,0,0,0,0,0,0,0,0,0
escuchar,0,0,0,1,1,0,0,0,0,0
esencial,0,0,0,0,1,0,1,0,0,0
espalda,1,0,0,1,1,0,0,4,0,0
espaldar,0,0,0,0,0,0,0,1,0,0
esparcimiento,0,0,0,0,0,0,1,0,0,0
especial,0,0,0,0,0,0,1,0,0,1
especialmente,0,0,0,0,1,0,0,1,0,0
especificamente,0,0,0,0,0,0,0,0,0,1
especifico,1,0,0,0,2,0,3,0,1,1
espectro,0,0,0,1,0,0,0,0,0,0
espejo,0,0,0,1,0,0,0,0,0,0
esperma,0,0,0,0,1,0,0,0,0,0
espinal,1,0,0,0,0,0,0,0,0,0
espontaneo,0,0,0,0,0,0,0,0,0,3
esputo,1,0,0,0,0,0,0,0,0,0
establecer,0,0,0,0,0,0,0,0,0,1
estadio,0,1,0,0,0,0,1,0,0,0
estadisticar,1,0,0,0,0,1,0,1,0,0
estadounidense,0,0,0,0,0,0,0,0,0,1
esteroid,0,0,0,0,0,0,2,0,0,0
esteroidal,0,0,0,0,0,0,1,0,0,0
estilo,0,0,1,0,0,0,0,0,0,0
estimular,0,0,0,0,0,0,1,0,0,0
estimulo,0,0,0,0,0,0,1,0,0,0
estomago,0,0,0,0,0,32,0,1,0,0
estr,0,0,0,0,1,0,0,0,0,0
estrategia,0,0,0,0,1,0,0,0,1,1
estrenimiento,1,0,1,0,0,0,0,0,0,0
estrogeno,0,0,0,0,0,0,2,0,0,0
estructura,0,0,0,0,0,0,3,0,0,0
estructural,0,0,0,0,0,0,1,0,0,0
estudio,0,0,1,0,3,0,7,2,0,0
etapa,8,0,0,0,6,4,3,4,0,2
etapar,0,0,0,0,1,0,1,0,0,0
etapificacion,0,0,0,0,0,0,1,0,0,0
etapificaion,0,0,0,0,0,0,1,0,0,0
etnia,0,0,0,0,1,0,0,0,0,0
etnicidad,0,0,0,0,0,0,1,0,0,0
etnico,0,0,0,0,2,0,0,0,0,0
europa,0,0,0,0,0,0,2,0,0,0
europeo,0,0,0,0,0,0,1,0,0,0
evaluo,0,0,0,0,1,0,0,0,0,0
evento,0,0,0,0,0,0,1,0,0,0
evidente,0,1,0,0,0,0,0,0,0,0
evitar,0,0,0,0,0,0,0,0,0,2
evolucion,0,0,0,0,0,0,0,0,2,0
exact,0,0,0,0,0,0,0,0,1,0
exactamente,0,0,1,0,0,0,0,0,0,0
exactitud,0,0,0,0,1,0,0,0,0,0
exacto,0,0,0,0,1,0,0,0,0,0
examen,0,0,6,0,4,0,0,2,0,7
examina,0,0,0,0,0,0,1,0,0,0
examinacion,0,0,0,0,0,0,1,0,0,0
examinar,0,0,1,0,0,0,0,0,0,1
examinarel,0,0,0,0,0,0,1,0,0,1
excesivo,0,0,0,0,0,0,1,0,1,0
exceso,0,0,1,1,1,0,0,0,0,1
exigir,0,0,0,0,0,0,0,0,1,0
existencia,0,0,0,0,1,0,0,0,0,0
existir,1,0,2,1,3,0,3,0,4,2
exito,0,0,0,0,1,0,0,0,0,0
exitoso,0,0,0,0,0,0,0,0,1,0
experiencia,1,0,0,0,0,0,0,0,0,0
experto,0,0,0,0,2,0,0,0,0,0
explicacion,0,1,0,0,3,0,0,0,0,1
exploracion,0,0,0,0,1,0,0,0,0,0
exponer,0,0,0,0,0,0,0,0,0,1
exposicion,0,0,0,1,0,0,2,0,0,1
expresarte,0,0,0,0,0,0,0,0,0,1
expresion,0,0,0,0,0,0,1,0,0,0
expuesto,0,0,0,3,0,0,0,0,0,1
expulso,0,0,0,0,0,0,0,1,0,0
extender,1,0,0,0,0,0,0,0,0,0
extendido,0,0,0,0,0,0,0,1,0,0
extension,0,0,0,0,0,1,0,1,0,0
exterior,0,0,0,0,1,0,1,0,0,0
externo,0,0,0,1,1,0,0,0,0,1
extiendar,0,0,0,0,0,0,0,1,0,0
extirpar,0,0,0,0,1,0,0,0,0,2
extirparel,0,0,1,0,0,0,0,0,0,0
extraer,0,0,0,0,0,0,0,0,0,1
extraido,0,0,0,0,0,0,2,0,0,0
extremo,0,0,0,0,0,0,0,1,0,0
facil,1,0,0,0,0,0,0,0,0,0
facilidad,0,0,0,2,0,0,0,1,1,0
factor,3,0,3,4,6,2,14,2,1,3
factors,0,0,0,0,0,0,0,0,1,0
falopio,0,0,0,0,0,0,0,0,0,1
faltar,1,0,0,0,0,0,0,3,0,0
familia,1,0,2,0,1,0,4,0,0,0
familiar,0,0,4,3,4,0,0,0,0,2
family,0,0,1,1,0,0,0,0,0,1
fase,0,0,0,0,0,0,0,0,1,0
fatigar,1,0,0,0,0,0,0,3,0,0
fatigo,0,0,0,0,0,0,0,1,1,0
favorable,0,0,0,0,0,0,1,0,0,0
febrero,1,0,0,0,0,0,0,0,0,0
fecal,0,0,0,0,0,1,0,0,0,0
femenino,0,0,0,0,0,0,0,0,0,4
fetido,0,0,0,0,0,0,0,0,0,1
fibra,0,0,3,0,0,0,0,0,0,0
fiebre,0,0,0,0,1,0,0,0,1,0
fijatir,0,0,0,1,0,0,0,0,0,0
fin,0,0,1,3,1,0,0,0,1,1
final,0,0,0,0,0,0,0,1,0,0
finalmente,0,0,0,0,0,0,0,1,0,0
financiar,0,0,1,1,1,0,0,0,1,1
fino,0,0,0,0,0,0,0,0,0,1
fisico,0,0,2,0,2,0,1,6,0,0
flebotrombosis,0,0,0,0,0,0,0,1,0,0
flema,1,0,0,0,0,0,0,0,0,0
flexible,0,0,1,0,0,0,0,0,0,0
flotar,0,0,0,0,0,0,0,1,0,0
flujo,0,0,0,0,1,0,0,0,0,2
focalizado,0,0,0,0,1,0,0,0,0,0
forma,0,0,0,0,1,0,4,0,3,2
formacion,0,2,0,0,0,0,3,0,1,0
formar,0,1,3,2,2,0,5,0,4,1
forzar,0,0,0,0,0,0,1,0,0,0
foton,0,0,0,0,1,0,0,0,0,0
fraccion,0,0,0,0,0,0,1,0,0,0
fragmento,0,0,0,0,0,0,0,1,0,0
frecuencia,3,1,0,1,2,0,3,2,0,0
frecuencio,0,0,1,0,0,0,0,0,0,0
frecuente,0,1,2,0,2,0,0,5,7,3
frecuentemente,0,0,0,0,0,0,0,1,0,0
fruta,0,0,3,0,2,0,0,0,0,0
fuente,0,0,0,0,0,0,1,0,0,0
fuerte,0,0,0,1,0,0,1,0,0,0
fuerza,0,0,0,0,1,0,0,0,0,0
fuga,0,0,0,0,1,0,0,0,0,0
fum,0,0,0,0,1,0,0,0,0,1
fuma,0,0,0,0,2,0,0,0,0,2
fumador,0,0,0,0,1,0,0,0,0,1
fumar,0,0,3,0,3,0,1,0,0,4
funcion,0,0,0,0,2,0,4,0,2,0
funcional,0,0,0,0,0,0,1,0,0,0
funcionar,0,0,0,0,1,0,2,0,2,0
futurar,0,0,1,0,0,0,0,0,0,0
futuro,0,0,1,0,0,0,0,0,0,0
gammagrafia,0,0,0,0,1,0,0,0,0,0
ganglio,2,0,0,0,0,0,1,0,2,0
garantia,0,0,0,0,1,0,0,0,0,0
gas,0,0,1,0,0,0,0,0,0,0
gaseo,0,0,0,0,1,0,0,0,0,0
gastrico,0,0,0,0,0,1,0,0,0,0
gastrointestinal,0,0,0,0,0,0,1,0,0,0
general,0,0,4,1,6,0,1,1,4,2
generalmente,0,0,0,2,1,1,3,1,0,1
generar,0,0,0,0,1,0,1,0,0,0
genero,0,0,0,0,0,0,1,0,0,0
generoso,1,0,0,0,0,0,0,0,0,0
genetic,0,0,0,0,0,0,0,0,1,0
genetico,0,0,0,0,1,0,2,0,1,0
genital,0,0,0,1,0,0,0,0,0,0
geografia,0,0,0,0,0,0,1,0,0,0
germen,0,0,0,1,0,0,0,0,0,0
gir,0,0,0,0,1,0,9,0,0,0
glandular,0,0,0,0,0,0,1,0,0,2
glandulo,1,0,0,0,8,0,0,0,0,0
gleason,0,0,0,0,1,0,0,0,0,0
glicogeno,0,0,0,0,0,0,1,0,0,0
globulo,0,0,0,0,0,1,0,0,8,0
gluco,0,0,0,0,0,0,4,0,0,0
gonorreo,0,0,0,0,0,0,0,0,0,1
gracias,1,0,0,0,0,0,0,0,0,0
grado,0,0,0,0,3,0,1,0,0,0
gradualmente,1,0,0,0,1,0,0,0,0,0
gran,0,0,1,0,2,0,3,1,0,0
grande,1,0,0,0,0,1,1,1,0,0
grano,0,0,0,0,0,0,1,0,0,0
grasa,0,0,2,0,0,0,2,2,0,0
grasar,0,0,0,0,1,0,0,0,0,0
grasos,0,0,0,0,0,0,0,2,0,0
grave,1,1,0,0,0,0,0,0,1,0
griego,0,0,0,0,0,0,1,0,0,0
gripe,0,0,0,0,0,0,0,0,1,0
gris,0,0,0,0,0,0,0,1,0,0
grueso,0,0,4,0,0,0,0,0,0,0
grupo,3,0,1,0,1,0,1,0,0,1
guiar,0,0,0,0,0,0,1,0,0,0
gustar,0,0,0,0,1,0,0,0,0,0
haber,0,0,1,2,0,0,0,0,0,0
habilidad,0,0,0,0,0,0,2,0,0,0
habitar,0,0,1,0,1,0,0,0,0,1
habitual,0,0,0,0,0,0,0,0,0,1
habitualmente,0,0,0,0,0,0,0,0,1,0
hablar,2,0,3,0,3,0,0,0,0,1
hablarer,0,0,0,0,1,0,0,0,0,0
habler,0,0,0,0,1,0,0,0,0,0
hacer,5,0,5,3,14,2,5,1,2,7
hacerel,0,0,0,0,4,0,0,0,0,1
hacertir,0,0,0,0,0,0,0,0,0,1
hacia,0,0,0,2,0,1,0,2,0,0
haciendote,0,0,0,0,0,0,0,0,0,1
hambre,0,0,0,0,0,0,0,1,0,0
hann,1,0,0,0,0,0,0,0,0,0
haz,0,0,2,0,3,0,0,0,0,3
hazlo,0,0,1,0,0,0,0,0,0,0
hcc,0,0,0,0,0,0,14,0,0,0
hccs,0,0,0,0,0,0,1,0,0,0
health,1,0,3,2,1,0,0,0,0,1
healthy,0,0,0,0,1,0,0,0,0,0
hecho,0,0,0,0,1,0,2,0,0,0
hellmar,2,0,0,0,0,0,0,0,0,0
hematomar,1,0,0,0,0,0,0,0,1,0
hepat,0,0,0,0,0,0,1,0,0,0
hepaticar,0,0,0,0,0,0,1,0,0,0
hepatir,0,0,0,0,0,0,1,0,0,0
hepatitis,0,0,0,0,0,0,10,1,0,0
hepatoblasto,0,0,0,0,0,0,3,0,0,0
hepatoblastomar,0,0,0,0,0,0,5,0,0,0
hepatocelular,0,0,0,0,0,0,4,0,0,0
hepatocito,0,0,0,0,0,0,3,0,0,0
heredar,0,0,0,0,1,0,1,0,0,0
hereditario,0,0,2,0,0,0,0,0,0,0
hereditary,0,0,1,0,0,0,0,0,0,0
herido,0,0,0,0,0,0,1,0,0,0
hermano,0,0,0,1,1,0,0,0,0,0
herp,0,0,0,0,0,0,0,0,0,1
herramiento,0,0,0,0,0,0,1,0,0,0
hez,0,0,1,0,0,2,0,5,0,0
hiciste,0,0,1,0,0,0,0,0,0,0
higado,1,0,0,0,0,1,28,9,1,0
hijo,0,0,0,0,1,0,1,0,0,0
hinchazon,2,0,1,0,0,1,1,1,0,0
hipercalcemiar,2,0,0,0,0,0,0,0,0,0
hiperhidrosis,0,0,0,0,0,0,0,0,1,0
hipertension,1,0,0,0,0,0,0,0,0,0
hola,0,0,0,0,1,0,0,0,0,0
hombr,0,0,0,0,1,0,1,0,0,0
hombre,0,0,1,0,7,0,5,0,0,0
hombro,2,0,0,0,0,0,0,0,0,0
hongo,0,0,0,0,0,0,2,0,0,0
hora,0,0,0,2,0,0,0,0,0,0
horizontal,0,0,0,0,0,0,1,0,0,0
hormon,0,0,0,0,0,0,1,0,0,0
hormona,6,0,0,0,2,0,2,0,0,0
hormonar,2,0,0,0,0,0,0,0,0,0
horn,1,0,0,0,0,0,0,0,0,0
horner,2,0,0,0,0,0,0,0,0,0
hoy,0,0,0,0,0,0,1,0,0,0
hoyo,0,1,0,0,0,0,0,0,0,0
hoyuelo,0,1,0,0,0,0,0,0,0,0
https,1,0,0,0,0,0,0,0,0,0
hueso,2,0,0,0,2,0,0,0,1,0
humano,0,0,0,0,0,0,4,0,0,13
humor,1,0,0,0,0,0,0,0,0,0
humphreys,0,0,0,0,2,0,0,0,0,0
ictericio,1,0,0,0,0,1,1,9,0,0
identificacion,0,0,0,0,0,0,1,0,0,0
identificado,0,0,0,0,1,0,0,0,0,0
igf,0,0,0,0,0,0,1,0,0,0
igual,0,0,0,0,1,0,1,0,0,0
ilustracion,0,0,0,0,1,0,0,0,0,0
imagen,0,0,1,5,2,0,5,2,1,4
imar,0,0,0,0,0,0,1,0,0,0
implicado,0,0,0,0,0,0,0,0,0,1
implicar,0,0,0,0,0,0,1,0,0,0
importancia,0,0,0,0,0,0,1,0,0,1
importante,2,0,0,0,5,0,0,0,0,3
impreciso,0,0,0,0,0,1,0,0,1,0
impuesto,0,0,0,0,0,0,0,1,0,0
inactivado,0,0,0,0,0,0,1,0,0,0
inactivo,0,0,1,0,0,0,0,0,0,0
inadecuado,1,0,0,0,0,0,0,0,0,0
incapacidad,0,0,0,0,0,0,1,0,0,0
incapaz,0,0,0,0,0,0,1,0,0,0
incidencia,0,0,0,0,0,0,5,0,0,0
incluido,1,0,0,0,0,0,3,0,0,0
incluir,1,0,1,3,6,1,7,1,2,7
incluirel,0,0,0,0,1,0,0,0,0,0
incluso,1,0,0,0,3,0,0,0,1,0
incomodo,0,0,0,0,0,0,0,0,0,1
incontinencia,0,0,0,0,2,0,0,0,0,0
incontrolado,0,0,0,0,0,0,1,0,0,0
independientemente,0,0,0,1,0,0,0,0,0,0
indicador,0,0,0,0,0,0,1,0,0,0
indicar,0,0,2,2,5,0,3,0,2,2
indicio,0,3,0,0,0,0,0,0,0,0
indigestion,0,0,0,0,0,1,0,0,0,0
indiz,1,0,0,0,1,1,0,1,0,0
indoloro,0,1,0,0,0,0,0,0,0,0
inducido,0,0,0,0,0,0,1,0,0,0
inespecifico,0,0,0,0,0,0,1,0,0,0
inesperado,0,0,0,0,1,0,0,0,0,0
inestabilidad,1,0,0,0,0,0,0,0,0,0
inexplicable,1,0,0,0,0,0,0,0,0,0
infancio,0,0,0,1,0,0,0,0,0,0
infeccion,1,1,0,1,0,1,3,0,3,9
infectar,0,0,0,0,0,0,1,0,0,0
inferior,0,0,0,2,0,0,0,0,0,1
inflamacion,0,2,0,0,0,0,1,0,0,0
inflamado,0,0,0,0,0,0,0,0,1,0
inflamatorio,0,1,2,0,0,0,0,0,0,0
informar,0,0,0,3,1,0,1,0,0,0
informartar,0,0,0,0,1,0,0,0,0,1
informarte,0,0,0,0,0,0,0,0,0,1
informatir,0,0,0,0,1,0,0,0,0,0
informativo,0,0,1,1,0,0,0,0,0,0
informe,2,0,0,0,0,0,2,0,0,0
ingesto,0,0,0,0,1,0,1,0,0,0
ingl,3,0,1,1,2,0,0,2,1,1
ingresar,0,0,0,0,0,0,0,0,1,0
inhibidor,0,0,0,0,0,0,1,0,0,0
inhibir,0,0,0,0,0,0,1,0,0,0
inicial,0,0,0,0,1,2,1,1,0,0
iniciar,0,0,0,0,1,0,0,0,0,0
inmaduro,0,0,0,0,0,0,0,0,1,0
inmediatamente,0,0,0,0,1,0,0,0,0,0
inmediato,3,0,0,0,1,0,0,0,0,0
inmunitario,5,0,0,6,0,0,0,0,5,5
inmunoterapia,1,0,0,0,0,0,0,1,0,1
inmunoterapio,1,0,1,0,0,1,0,0,0,0
inodoro,0,0,0,0,0,0,0,1,0,0
institutir,1,0,0,0,0,0,0,0,0,0
instruccion,0,0,1,3,2,0,1,0,1,1
instrumento,0,0,0,0,0,0,0,0,0,2
insulin,0,0,1,0,0,0,3,1,0,0
integral,0,0,2,0,1,0,0,0,0,0
intensidad,0,0,0,0,1,0,0,0,0,0
intenso,1,0,0,0,0,0,0,0,0,0
intentarel,0,0,0,0,0,0,0,0,1,0
interior,0,0,1,1,0,0,1,0,0,0
interno,0,0,0,0,0,0,0,0,0,1
intestinal,0,0,3,0,0,0,0,0,0,0
intestino,0,0,6,0,0,0,2,3,0,0
intoleranciar,0,0,0,0,0,0,1,0,0,0
intrahepatico,0,0,0,0,0,0,1,0,0,0
introducir,0,0,0,0,1,0,0,0,0,0
inusual,0,2,0,0,0,0,0,2,0,1
invadir,0,0,1,2,1,0,1,0,0,1
invasivo,0,0,0,1,0,0,3,0,0,0
inversion,0,1,0,0,0,0,0,0,0,0
investigacion,1,0,1,0,1,1,0,1,0,0
investigacionser,0,0,0,0,1,0,0,0,0,0
investigar,0,0,0,0,0,0,1,0,0,0
involucrado,0,0,0,0,0,0,2,0,1,0
involucrar,0,0,0,0,0,0,0,0,1,0
involuntario,0,0,1,0,1,0,0,0,0,0
invsivo,0,0,0,0,0,0,1,0,0,0
irm,0,0,0,0,0,0,1,0,0,0
irradiar,0,0,0,0,0,0,0,0,0,1
irregular,0,1,0,1,0,0,0,0,0,0
irritacion,0,2,0,0,0,0,0,0,0,0
jar,1,0,0,0,0,0,0,0,0,0
joven,0,0,0,0,0,0,0,0,1,0
jugar,0,0,0,0,0,0,0,0,0,1
junto,0,0,0,0,1,0,1,0,0,0
justo,0,0,0,0,2,1,0,0,0,0
kastar,1,0,0,0,0,0,0,0,0,0
labio,0,0,0,2,0,0,0,0,0,0
labor,1,0,0,0,0,0,0,0,0,0
laboratorio,0,0,0,0,0,0,0,0,0,1
lactant,0,0,0,0,0,0,1,0,0,0
lado,2,0,0,0,0,0,1,0,0,0
lambert,1,0,0,0,0,0,0,0,0,0
lampar,0,0,0,1,0,0,0,0,0,0
largo,0,0,2,0,0,0,3,0,0,0
lawrence,2,0,0,0,0,0,0,0,0,0
leche,0,1,0,0,0,0,0,0,0,0
leep,0,0,0,0,0,0,0,0,0,1
legrado,0,0,0,0,0,0,0,0,0,1
lejos,0,0,0,1,0,0,0,0,0,0
lentamente,0,0,0,0,2,0,1,0,1,0
lesion,0,0,0,0,0,0,3,0,0,0
letterir,0,0,1,1,0,0,0,0,0,0
leucemia,0,0,0,0,0,0,0,0,31,0
leucemiar,0,0,0,0,0,0,0,0,20,0
leukemia,0,0,0,0,0,0,0,0,1,0
leukemiar,0,0,0,0,0,0,0,0,1,0
levantarel,1,0,0,0,1,0,0,0,0,0
libera,0,0,0,0,0,0,0,1,0,0
liberacion,0,0,0,0,0,0,1,0,0,0
libre,0,0,0,2,0,0,0,0,0,0
libro,0,0,4,1,3,0,0,0,1,1
lifir,0,0,0,0,0,0,0,0,1,0
limbico,3,0,0,0,0,0,0,0,0,0
limitar,0,0,0,0,1,0,0,0,0,1
limite,0,0,0,0,0,0,0,0,0,1
line,0,0,0,0,0,0,0,0,0,1
linfatico,2,0,0,0,0,0,1,0,7,0
linfocitico,0,0,0,0,0,0,0,0,5,0
linfocito,0,0,0,0,0,0,0,0,1,0
linfoid,0,0,0,0,0,0,0,0,1,0
linfoidir,0,0,0,0,0,0,0,0,1,0
linfoma,0,0,0,0,0,0,1,0,0,0
lipido,0,0,0,0,0,0,1,0,0,0
lippincott,2,0,0,0,0,0,0,0,0,0
liquido,1,0,0,0,2,1,0,1,0,0
listo,0,0,0,0,0,0,1,0,0,0
llaga,0,0,0,1,0,0,0,0,0,0
llamado,3,0,4,2,2,0,4,1,0,7
llamar,2,0,2,1,5,0,1,2,0,0
llegar,0,0,1,1,0,0,0,3,0,0
llenura,0,0,0,0,0,1,0,0,0,0
llevar,2,0,0,0,2,0,2,0,0,1
localizar,0,0,0,0,1,0,0,0,0,0
lograr,0,0,1,0,2,0,0,0,0,1
lucrir,0,0,1,1,1,0,0,0,1,1
luego,1,0,0,0,0,0,3,0,0,1
lugar,3,0,0,1,0,0,4,0,1,0
lunar,0,0,0,4,0,0,0,0,0,0
lung,8,0,0,0,0,0,0,0,0,0
luz,0,0,0,15,0,0,0,0,0,1
lynch,0,0,1,0,0,0,0,0,0,0
macroscopico,0,0,0,0,0,0,1,0,0,0
madre,0,0,0,1,1,0,3,0,0,2
madura,0,0,0,0,0,0,0,0,1,0
maduracion,0,0,0,0,0,0,2,0,0,0
magnetico,0,0,0,0,1,0,2,0,0,0
maiz,0,0,0,0,0,0,1,0,0,0
mal,0,0,0,0,0,0,1,0,0,0
malestar,0,0,0,0,0,1,0,0,0,0
maligno,0,0,0,0,0,0,1,0,0,0
mama,0,19,0,0,2,0,1,0,0,0
mancha,0,0,0,0,0,0,0,0,1,0
manera,0,0,1,0,4,0,0,0,1,3
manifestar,0,0,0,0,0,0,1,0,0,0
mano,0,0,0,4,0,0,0,0,0,0
mantener,0,0,0,0,1,0,1,0,0,0
mantenerel,0,0,1,0,1,0,0,0,0,0
mantente,0,0,0,1,0,0,0,0,0,0
mantir,0,0,1,0,1,0,0,0,0,1
mar,0,0,0,0,1,0,0,0,0,0
marca,0,0,0,1,0,0,0,0,0,0
mareo,3,0,0,0,0,0,0,0,0,0
marron,0,0,0,1,0,0,0,0,0,0
masa,13,4,2,4,2,0,16,2,0,3
masculino,0,0,0,0,5,0,0,0,0,0
matar,0,0,0,0,1,0,0,0,0,1
material,0,0,0,0,0,0,1,0,1,0
maximo,0,0,0,0,0,0,2,0,0,0
mayo,0,0,11,7,12,0,0,0,2,5
mayoclinic,0,0,0,0,1,0,0,0,0,1
mayor,2,0,8,3,9,0,8,0,0,5
mayoriar,0,0,1,0,0,0,2,0,0,0
mayorio,2,0,3,5,6,2,1,1,0,9
mediante,0,0,1,0,3,0,0,0,0,0
medicamento,1,0,5,2,1,1,0,0,0,11
medico,9,2,9,6,13,0,3,3,3,12
medida,0,0,0,0,2,0,0,1,1,1
medido,0,0,0,1,3,0,0,0,0,1
medio,0,0,0,0,0,0,2,0,0,0
mediodia,0,0,0,1,0,0,0,0,0,0
medir,0,0,0,0,1,0,0,0,0,0
medula,0,0,0,0,0,0,0,0,3,0
medular,1,0,0,0,0,0,0,0,0,0
mejor,0,0,0,0,6,0,0,0,0,1
mejorar,1,0,0,0,2,0,0,0,0,0
melanocito,0,0,0,1,0,0,0,0,0,0
melanomar,0,0,0,1,0,0,0,0,0,0
melanomo,0,0,0,9,0,0,0,0,0,0
mellitus,0,0,0,0,0,0,1,0,0,0
membrana,0,0,0,0,0,0,1,0,0,0
memorio,2,0,0,0,0,0,0,0,0,0
mencionar,0,0,1,0,0,0,0,0,0,0
menopausia,0,0,0,0,0,0,0,0,0,2
menor,0,0,2,0,1,0,0,0,0,0
menos,0,1,2,1,0,0,0,0,0,1
mensaje,0,19,0,0,0,0,0,0,0,0
menstrual,0,0,0,0,0,0,0,0,0,3
menudo,1,0,0,2,1,0,1,5,0,1
merritt,1,0,0,0,0,0,0,0,0,0
mes,0,0,0,0,0,0,2,0,1,0
metabolico,0,0,0,0,0,0,1,0,0,0
metabolismos,0,0,0,0,0,0,1,0,0,0
metastasico,0,0,1,1,3,0,0,0,0,0
metastasis,0,0,0,0,0,0,2,0,0,0
metastatice,0,0,0,0,0,0,1,0,0,0
metastatizar,0,0,0,0,0,0,1,0,0,0
metodo,0,0,0,0,0,0,0,0,0,1
micotoxina,0,0,0,0,0,0,1,0,0,0
microcitico,25,0,0,0,0,0,0,0,0,0
microscopico,0,0,0,0,0,0,1,0,0,0
mielodisplasico,0,0,0,0,0,0,0,0,1,0
mielogen,0,0,0,0,0,0,0,0,6,0
mieloid,0,0,0,0,0,0,0,0,1,0
miembro,0,0,1,0,0,0,0,0,0,0
mientras,0,0,0,0,0,0,1,0,0,1
mineral,0,0,1,0,0,0,0,0,0,0
minucioso,0,0,0,0,1,0,0,0,0,1
minuto,0,0,2,0,0,0,0,0,0,0
mirar,0,0,0,1,1,0,0,0,0,1
mirate,0,0,0,1,0,0,0,0,0,0
mision,0,0,1,1,1,0,0,0,1,1
mismo,2,0,0,0,0,0,1,0,0,1
mitad,0,0,0,0,0,0,1,0,0,0
mitchell,0,0,0,0,1,0,0,0,0,0
modelo,0,0,0,0,0,0,1,0,0,0
moderacion,0,0,1,0,0,0,0,0,0,0
modificar,0,0,0,1,0,0,0,0,0,0
molecula,0,0,0,0,0,0,3,0,0,0
molestio,0,0,1,0,0,0,0,0,0,0
momento,0,0,0,2,1,0,1,0,1,1
monitorear,0,0,0,0,0,0,1,0,0,0
monomero,0,0,0,0,0,0,1,0,0,0
monopolizar,0,0,0,0,1,0,0,0,0,0
moreton,1,0,0,0,0,0,0,0,0,0
morir,0,0,2,6,1,0,0,0,0,1
mortal,1,0,0,0,0,0,0,0,0,0
mortalidad,0,0,0,0,0,0,1,0,0,0
mostrar,1,0,1,1,3,1,9,1,0,5
mostro,0,0,0,0,0,0,1,0,0,0
motivo,0,0,0,0,2,0,0,0,0,0
mover,0,0,0,1,0,0,0,0,0,0
moviendote,0,0,1,0,0,0,0,0,0,0
movimiento,1,0,0,0,0,0,0,0,0,0
muero,0,0,0,0,0,0,0,0,1,0
muerte,0,0,0,0,0,0,2,0,0,0
muertir,0,0,0,0,0,0,2,0,0,0
muestro,0,0,0,1,0,0,0,0,0,0
mujer,0,0,1,0,0,0,7,0,0,1
multinodular,0,0,0,0,0,0,1,0,0,0
multipl,0,0,0,0,0,0,0,0,0,1
multiplicar,0,0,1,1,1,0,0,0,1,0
multiplique,0,0,0,0,0,0,0,0,0,1
multipliquen,0,0,0,1,1,0,0,0,0,0
mundo,0,0,0,0,1,0,1,0,0,0
muscular,2,0,0,0,0,0,0,0,0,0
musculo,2,0,0,0,0,0,0,0,0,0
mutacion,0,0,0,0,2,0,3,0,2,0
mutar,0,0,0,0,0,0,2,0,0,0
nacimiento,0,0,0,1,0,0,0,0,0,0
nadar,0,0,0,1,0,0,0,0,0,0
nadie,0,0,0,0,0,0,0,0,0,1
nasal,0,0,0,0,0,0,0,0,1,0
national,1,0,0,0,0,0,0,0,0,0
natural,0,0,1,0,0,0,1,0,0,1
nausea,2,0,0,0,0,1,0,3,0,0
navigation,1,0,0,0,0,1,0,1,0,0
necesariamente,0,0,0,0,0,0,1,0,0,0
necesario,2,0,0,0,2,0,0,0,0,0
necesidad,1,0,0,0,2,0,0,0,0,0
necesita,0,0,1,0,0,0,0,0,0,0
necesitar,0,0,0,0,0,0,0,0,2,1
necesitario,0,0,1,0,0,0,0,0,0,0
negativo,0,0,0,0,0,0,1,0,0,0
negro,0,0,2,3,3,1,0,0,0,0
nervio,3,0,0,0,0,0,0,1,0,0
nerviosismo,1,0,0,0,0,0,0,0,0,0
nervioso,3,0,0,0,0,0,0,0,0,0
neumonia,1,0,0,0,0,0,0,0,0,0
neuroendocrine,1,0,0,0,0,0,0,0,0,0
neurologico,2,0,0,0,0,0,0,0,0,0
neuromuscular,1,0,0,0,0,0,0,0,0,0
niederhuber,1,0,0,0,0,0,0,0,0,0
ningun,0,1,0,0,2,0,0,1,0,1
ninguno,1,1,0,0,0,0,1,0,1,0
nino,0,0,0,0,0,0,2,0,4,0
nivel,4,0,0,0,0,0,2,1,0,0
noche,0,0,0,0,1,0,0,0,1,0
nocivo,0,0,0,1,0,0,0,0,0,0
nombre,0,0,0,0,1,0,0,0,0,0
non,2,0,0,0,0,0,0,0,0,0
normal,0,0,0,0,3,0,2,0,1,0
normalidad,0,0,0,0,0,0,1,0,1,0
normalmente,0,0,0,1,0,0,1,2,0,0
norte,0,0,0,0,0,0,2,0,0,0
norteamericar,0,0,0,1,0,0,0,0,0,0
nota,0,0,1,0,1,0,0,0,0,0
notar,1,0,0,0,0,0,0,0,0,0
notch,0,0,0,0,0,0,4,0,0,0
noticia,0,0,0,0,1,0,0,0,0,0
novedad,1,0,0,0,0,0,0,1,0,0
nsclc,1,0,0,0,0,0,0,0,0,0
nublado,0,0,0,1,0,0,0,0,0,0
nuclear,0,0,0,0,0,0,1,0,0,0
nucleo,0,0,0,0,0,0,1,0,0,0
nucleotido,0,0,0,0,0,0,1,0,0,0
nuevo,0,0,0,3,0,0,0,0,0,0
nuez,0,0,0,0,0,0,1,0,0,0
numero,0,0,0,0,0,1,1,0,0,3
nunca,0,0,0,0,0,0,0,0,0,2
nutrient,0,0,1,0,1,0,0,0,0,0
obesidad,0,0,3,0,4,0,1,0,0,0
objetivo,0,0,1,0,0,0,0,0,0,1
observar,0,0,0,1,0,0,0,1,0,0
observate,0,0,0,1,0,0,0,0,0,0
obstante,0,0,0,1,0,1,0,0,0,1
obstruir,0,0,0,0,0,0,0,1,0,0
obtener,0,0,1,0,1,0,0,0,0,1
ocasion,0,0,0,0,0,0,0,2,0,1
ocasionar,0,0,0,0,0,0,0,1,0,0
occidental,0,0,1,0,0,0,1,0,0,0
oceania,0,0,0,0,0,0,1,0,0,0
ocultar,1,0,0,0,0,1,0,1,0,0
ocurrir,0,0,2,0,0,0,3,0,0,0
ojo,3,0,0,1,0,1,0,2,0,0
olor,0,0,0,0,0,0,0,0,0,2
olvid,0,0,0,1,0,0,0,0,0,0
ombligo,0,0,0,0,0,1,0,0,0,0
oncogir,0,0,0,0,0,0,1,0,0,0
oncologiar,1,0,0,0,0,0,0,0,0,0
oncology,3,0,0,0,0,0,0,0,0,0
onda,0,0,0,0,0,0,2,0,0,0
opcion,2,0,4,1,7,1,1,0,1,2
oportunidad,0,0,1,1,1,0,0,0,1,1
oportuno,0,0,0,0,0,0,0,0,1,0
oreja,0,0,0,4,0,0,0,0,0,0
org,0,0,0,0,1,0,0,0,0,1
organismo,0,0,0,0,0,0,2,0,1,1
organizacion,0,0,0,0,0,0,0,0,0,1
organizado,0,0,0,0,0,0,0,0,1,0
organo,3,0,1,1,2,0,3,2,0,0
oriental,0,0,0,0,0,0,1,0,0,0
orientartir,0,0,0,0,1,0,0,0,0,0
origen,0,0,0,0,2,0,0,0,0,0
originar,0,0,0,1,0,0,0,1,1,0
orina,1,0,0,0,14,0,0,4,0,0
oscuro,1,0,0,1,0,1,0,3,0,0
osear,0,0,0,0,0,0,0,0,1,0
oseir,0,0,0,0,2,0,0,0,2,0
ostomia,0,0,1,0,0,0,0,0,0,0
oublico,0,0,0,0,0,0,1,0,0,0
ovario,0,0,0,0,1,0,0,0,0,1
overboard,0,0,0,0,1,0,0,0,0,0
oxido,1,0,0,0,0,0,0,0,0,0
paciente,0,0,0,0,0,0,14,0,0,0
pacietne,0,0,0,0,0,0,1,0,0,0
padecer,0,0,1,0,0,0,0,0,1,2
padre,0,0,0,1,2,0,1,0,0,0
paget,0,1,0,0,0,0,0,0,0,0
pai,0,0,0,0,0,1,2,0,0,0
palabra,0,0,0,0,0,0,2,0,0,0
paliativo,2,0,0,0,0,0,0,0,0,0
palma,0,0,0,1,0,0,0,0,0,0
palpar,0,1,0,0,0,0,0,1,0,0
palparel,0,0,0,0,0,0,0,1,0,0
pancoast,3,0,0,0,0,0,0,0,0,0
pancrear,0,0,0,0,0,0,0,1,0,0
pancreas,0,0,0,0,0,0,1,67,0,0
panorama,0,0,0,0,0,0,0,0,0,1
papanicolaou,0,0,0,0,0,0,0,0,0,5
papel,0,0,0,0,1,0,1,0,0,1
papilomar,0,0,0,0,0,0,1,0,0,13
par,0,0,0,0,0,0,0,1,0,0
paraneoplasico,10,0,0,0,0,0,0,0,0,0
paratiroidea,1,0,0,0,0,0,0,0,0,0
parcialmente,0,0,0,0,0,0,0,1,0,0
parecer,0,0,0,3,0,0,1,0,1,0
parecido,1,0,0,0,0,0,0,0,0,0
pareja,0,0,0,0,0,0,0,0,0,4
parejo,0,0,0,0,0,0,0,0,0,1
parenteral,0,0,0,0,0,0,1,0,0,0
pariente,0,0,1,1,2,0,0,0,0,0
parpado,1,0,0,0,0,0,0,0,0,0
parte,9,1,6,7,8,0,5,2,4,4
participar,0,0,0,0,1,0,0,0,0,1
particular,0,0,0,0,0,0,1,0,0,0
partir,0,0,0,0,2,0,0,0,0,1
pasar,1,0,0,0,0,0,0,2,2,0
paso,0,0,0,0,1,0,0,0,0,1
pastillero,0,0,0,0,1,0,0,0,0,0
patologia,0,0,0,0,0,0,1,0,0,0
patologico,0,0,0,0,0,0,4,0,0,0
patologo,0,0,0,0,0,0,2,0,0,0
patrocinador,0,19,0,0,0,0,0,0,0,0
patrocinio,0,0,1,1,1,0,0,0,1,1
patron,0,0,0,0,0,0,1,0,0,0
pauta,0,0,0,0,0,0,0,0,0,1
pdf,1,0,0,0,0,1,0,1,0,0
pdq,2,0,0,0,0,0,0,0,0,0
peca,0,0,0,3,0,0,0,0,0,0
pecar,0,0,0,0,2,1,0,0,0,0
pecho,3,0,0,1,0,0,0,1,0,0
pedir,0,0,0,1,0,0,0,0,2,2
peligro,1,0,0,0,0,0,0,0,0,0
peligroso,0,0,0,1,0,0,0,0,0,0
pelirrojo,0,0,0,1,0,0,0,0,0,0
pelo,0,0,0,1,0,0,0,0,0,0
pelvico,0,0,0,0,0,0,0,0,0,3
pensar,0,0,0,0,1,0,0,0,0,0
peptido,1,0,0,0,0,0,0,0,0,0
pequena,17,0,0,0,1,0,3,0,1,1
pequenar,1,0,0,0,1,0,0,0,0,0
pequeno,0,1,1,0,1,0,3,2,0,1
percibas,0,1,0,0,0,0,0,0,0,0
perder,0,0,2,0,0,0,0,1,0,0
perdida_peso,2,0,5,0,8,2,1,3,1,0
perdido,5,0,1,0,3,1,1,2,1,0
periodo,0,0,0,0,0,0,2,0,0,2
permanecer,0,0,0,1,0,0,0,0,0,0
permitir,0,0,1,0,0,0,1,0,0,0
perser,0,0,0,0,0,0,0,0,1,0
persistente,0,0,1,0,0,0,0,0,2,0
persona,3,0,15,7,10,1,4,6,1,6
personal,1,0,1,0,0,0,0,0,0,1
personalidad,1,0,0,0,0,0,0,0,0,0
pertinente,0,0,0,0,1,0,0,0,0,1
pet,0,0,0,0,1,0,0,0,0,0
petequio,0,0,0,0,0,0,0,0,1,0
pezon,0,6,0,0,0,0,0,0,0,0
philadelphia,3,0,0,0,0,0,0,0,0,0
physiciar,1,0,0,0,0,0,0,0,0,0
picazon,0,0,0,1,0,0,0,1,0,0
pico,0,0,0,0,0,0,0,1,0,0
pidelir,0,0,0,0,1,0,0,0,0,0
pie,0,0,0,1,0,0,0,0,0,0
piel,2,3,2,87,2,1,1,5,1,2
pierna,1,0,0,3,1,0,0,2,0,0
piernar,1,0,0,0,0,0,0,0,0,0
pigmentario,0,0,0,1,0,0,0,0,0,0
pilos,0,0,0,0,0,0,0,0,1,0
plan,0,0,0,0,1,0,0,0,0,0
planear,0,0,0,1,0,0,0,0,0,0
plano,0,0,0,0,0,0,0,0,0,2
planta,0,0,0,1,0,0,1,0,0,0
plaqueta,0,0,0,0,0,0,0,0,2,0
poblacion,0,0,0,0,0,0,2,0,0,1
poder,37,10,17,18,40,5,23,23,7,30
poderoso,0,0,0,0,0,0,0,0,1,0
podra,0,0,0,0,1,0,0,0,0,0
podriar,0,0,0,0,2,1,0,0,0,1
podrio,1,0,1,0,4,0,0,1,0,5
polimero,0,0,0,0,0,0,1,0,0,0
polipo,0,0,9,0,0,0,0,0,0,0
poliposis,0,0,1,0,0,0,0,0,0,0
politico,1,0,1,1,1,0,0,0,1,1
poner,1,0,0,0,0,0,0,2,0,0
porcentaje,0,0,0,0,0,0,2,0,0,1
portador,0,0,0,0,0,0,1,0,0,0
posibilidad,0,0,1,0,2,0,0,0,0,1
posible,2,1,0,1,5,0,0,1,2,3
positivo,0,0,0,0,0,0,2,0,0,0
positron,0,0,0,0,1,0,0,0,0,0
potencia,0,0,0,0,0,0,0,0,0,1
potencialmente,1,0,0,0,0,0,0,0,0,0
potente,0,0,0,0,1,0,0,0,0,1
practicar,2,0,0,0,0,0,0,0,0,0
prb,0,0,0,0,0,0,3,0,0,0
precancer,0,0,0,0,0,0,0,0,0,1
precanceros,0,0,0,0,0,0,0,0,0,1
precoz,0,0,0,0,1,0,0,0,0,0
preferencia,0,0,0,0,0,0,0,0,0,1
preguntale,0,0,0,0,0,0,0,0,0,1
preguntalir,0,0,0,0,0,0,0,0,0,1
preguntar,1,0,1,0,0,1,0,1,0,2
preocaber,0,0,0,0,1,0,0,0,0,0
preocupante,0,0,0,0,0,0,0,0,0,1
preocupar,0,0,1,0,0,0,0,0,0,0
preocupe,0,0,0,1,0,0,0,0,0,0
preocupen,0,0,0,0,0,0,0,0,1,0
preparado,0,0,0,0,0,0,0,0,0,1
presencia,0,0,0,0,2,0,1,0,0,0
presentado,0,0,0,0,0,0,1,0,0,0
presentar,0,0,1,4,4,1,3,0,0,6
presentarel,0,0,0,1,0,0,0,0,0,1
presente,0,0,0,0,0,0,1,0,0,0
preservativo,0,0,0,0,0,0,0,0,0,1
presion,2,0,0,0,0,0,0,0,0,0
presionar,0,1,0,0,0,0,0,4,0,0
prevencion,2,0,2,1,1,1,0,1,0,2
prevenir,1,0,2,1,2,1,0,1,0,4
preventivo,0,0,1,0,0,0,0,0,0,0
previenar,0,0,0,0,1,0,0,0,0,0
primero,4,3,1,1,2,0,1,3,1,2
principal,0,0,0,0,2,1,1,1,1,1
principalmente,0,0,0,0,0,0,0,0,2,0
principio,0,0,1,0,1,0,0,0,1,0
principl,2,0,0,0,0,0,0,0,0,0
privacion,0,0,0,0,2,0,0,0,0,0
probabilidad,2,1,0,3,4,0,0,0,0,2
probable,2,0,1,2,0,0,1,0,0,1
probablemente,0,0,0,0,0,0,1,0,0,0
probar,0,0,0,0,0,0,0,0,0,1
problema,7,0,0,0,0,0,0,0,0,2
proceder,0,0,0,1,0,0,0,0,0,0
procedimiento,2,0,0,0,0,0,2,0,0,1
procesado,0,0,1,0,0,0,1,0,0,0
proceso,0,0,0,0,1,0,7,0,0,3
procurar,0,0,0,0,1,0,0,0,0,0
produccion,0,0,0,0,0,0,7,0,1,0
producido,0,0,0,0,0,0,4,1,0,0
producir,5,1,1,5,3,0,0,0,4,2
producirel,0,0,1,1,0,0,0,0,0,0
producto,0,0,4,4,3,0,1,0,2,2
productora,0,0,0,0,0,0,0,1,0,0
profesional,0,0,2,3,8,0,0,0,0,1
professional,1,0,0,0,0,0,0,0,0,0
profundo,1,0,0,0,0,0,0,1,0,2
progeni,0,0,0,0,0,0,1,0,0,0
programa,0,0,2,0,1,0,0,0,0,1
programado,0,0,0,0,0,0,1,0,0,0
progresivamente,0,0,1,0,0,0,0,0,0,0
prolifera,0,0,0,0,3,0,0,0,0,0
proliferacion,0,0,1,1,2,0,3,0,0,1
proliferar,0,0,0,2,4,0,0,0,0,0
prolongado,0,0,0,0,0,0,1,0,0,0
promedio,0,0,2,0,0,0,1,0,0,0
propagacion,1,0,0,0,0,0,0,0,0,0
propagado,4,0,0,0,0,1,0,3,0,0
propagar,1,0,0,0,0,1,0,1,0,0
propenso,0,0,1,0,0,0,0,0,0,0
propio,0,0,0,0,1,0,0,0,0,0
prostata,0,0,0,0,73,0,0,0,0,0
prostatar,0,0,0,0,3,0,0,0,0,0
prostatectomia,0,0,0,0,1,0,0,0,0,0
prostato,0,0,0,0,19,0,0,0,0,0
proteccion,0,0,0,2,0,0,0,0,0,0
protector,0,0,0,5,0,0,0,0,0,0
proteg,0,0,0,1,0,0,0,0,0,0
protege,0,0,0,0,0,0,0,0,0,1
proteger,0,0,0,0,0,0,0,0,1,0
protegerel,0,0,0,0,0,0,0,0,0,1
protegerte,0,0,0,1,0,0,0,0,0,0
protegido,1,0,0,0,0,0,0,0,0,0
protein,0,0,0,0,0,0,13,0,0,0
proteinar,0,0,0,0,0,0,2,0,0,0
protooncogir,0,0,0,0,0,0,1,0,0,0
protuberancia,0,0,0,1,0,0,0,0,0,0
proveedor,0,0,0,0,0,0,0,0,0,4
proveer,0,0,0,0,0,0,1,0,0,0
provenir,0,0,0,2,0,0,2,0,0,0
provocar,4,1,2,0,0,0,0,0,0,0
proxima,0,0,0,0,1,0,0,0,0,0
proximos,0,0,0,0,1,0,0,0,0,0
prueba,1,0,3,0,5,2,0,1,0,7
pthrp,1,0,0,0,0,0,0,0,0,0
pulmon,69,0,0,0,0,0,1,3,0,0
pupila,1,0,0,0,0,0,0,0,0,0
quema,0,0,0,1,0,0,0,0,0,0
quemadurar,0,0,0,3,0,0,0,0,0,0
quemo,0,0,0,1,0,0,0,0,0,0
querer,0,0,0,0,2,0,0,1,0,0
query,1,0,0,0,0,0,0,0,0,0
quier,0,0,0,0,1,0,0,0,0,1
quimicar,0,0,0,0,1,0,1,0,0,0
quimioterapiar,0,0,1,0,0,1,0,1,0,3
quimioterapio,2,0,0,0,1,0,0,0,0,0
quinto,0,0,0,0,0,0,1,0,0,0
quistar,0,1,0,0,0,0,0,0,0,0
quitar,0,0,0,0,0,0,1,0,0,0
quizar,0,1,0,0,0,0,0,0,0,0
radiacion,0,0,0,2,0,0,0,0,0,1
radical,0,0,0,0,1,0,0,0,0,0
radio,0,0,0,0,0,0,1,0,0,0
radiofrecuencia,1,0,0,0,0,0,0,0,0,0
radioterapia,1,0,2,0,2,1,0,0,0,2
radioterapiar,0,0,1,0,0,0,0,0,0,0
radioterapiir,0,0,0,0,1,0,0,1,0,0
radioterapio,1,0,0,0,1,0,0,0,0,0
rapidamente,0,1,1,1,2,0,0,0,0,1
rapidez,0,0,0,0,1,0,0,0,1,0
rapido,0,0,0,0,1,0,1,0,2,0
raro,0,0,0,0,0,0,1,0,0,1
rayo,0,0,0,1,0,0,0,0,0,1
raza,0,0,1,0,3,0,0,0,0,0
razar,0,0,0,0,1,0,0,0,0,0
razon,1,0,1,0,1,0,0,0,0,0
realacer,0,0,0,0,0,0,1,0,0,0
realizado,0,0,0,0,1,0,0,0,0,0
realizar,0,0,0,0,0,0,0,0,0,1
recaudacion,0,0,1,1,1,0,0,0,1,1
recibir,1,0,0,6,1,0,1,0,0,4
reciente,1,1,0,0,0,0,1,0,0,0
recoger,0,0,0,0,0,0,0,0,0,2
recomeir,0,0,0,0,0,0,0,0,0,1
recomendar,0,0,3,0,2,0,1,0,0,0
recomendarte,0,0,0,0,0,0,0,0,0,1
reconocer,0,0,0,0,0,0,0,0,0,1
rectal,0,0,1,0,0,0,0,0,0,0
recto,0,0,3,0,2,0,0,0,0,0
recubrir,0,0,0,0,0,0,0,0,0,3
recurrente,0,0,0,0,0,0,0,0,1,0
recurrir,0,0,0,0,1,0,0,0,0,0
recurso,1,0,0,0,1,0,0,0,1,1
redondeado,0,1,0,0,0,0,0,0,0,0
reducir,0,0,7,4,4,0,0,0,0,7
referencia,1,0,0,0,0,0,0,0,0,0
referir,0,0,0,0,0,0,2,0,0,0
reflejar,0,0,0,0,0,0,1,0,0,0
regular,0,0,2,0,2,0,2,0,0,2
regularidad,0,0,1,0,0,0,0,0,0,0
regularmente,0,0,0,1,0,0,0,0,0,0
reimpresion,1,0,0,0,0,0,0,0,0,0
rekhtmar,1,0,0,0,0,0,0,0,0,0
relacion,0,0,0,0,0,0,3,0,0,10
relacionado,1,0,0,0,0,0,2,2,0,2
relacionar,0,0,1,0,0,0,0,1,0,0
relajate,0,0,0,0,0,0,0,0,0,1
remarcir,0,0,0,0,0,0,0,0,0,1
remision,0,0,0,0,1,0,0,0,0,0
reparar,0,0,0,0,0,0,1,0,0,0
repetirel,0,0,0,0,0,0,0,0,0,1
replicar,0,0,0,0,0,0,0,0,1,0
report,0,0,0,0,0,0,1,0,0,0
reportar,0,0,0,0,0,0,1,0,0,0
reporte,0,0,0,0,0,0,2,0,0,0
reprensentar,0,0,0,0,0,0,1,0,0,0
representado,0,0,0,0,0,0,1,0,0,0
reproduccion,0,0,0,0,1,0,0,0,0,0
reproducir,0,0,0,0,0,0,1,0,0,0
reproductivo,0,0,0,0,2,0,0,0,0,0
reproductor,0,0,0,0,3,0,0,0,0,4
requerir,1,0,0,0,0,0,1,0,0,0
reservar,0,0,1,0,0,0,0,0,0,0
residir,0,0,0,0,0,0,2,0,0,0
residuo,0,0,0,0,0,0,1,0,0,0
resistencia,0,0,1,0,0,0,0,0,0,0
resonancia,0,0,0,0,1,0,2,0,0,0
respaldar,0,0,1,1,1,0,0,0,1,1
respecto,0,0,0,0,2,0,0,0,0,0
respiracion,1,0,0,0,0,0,0,1,0,0
respirar,2,0,0,0,0,0,0,0,0,0
respuesta,0,0,0,0,1,0,0,0,0,0
resultado,0,0,1,0,1,1,3,0,0,0
resultar,0,0,0,0,0,0,2,0,0,1
resumir,0,0,0,0,0,0,1,0,0,0
retardar,0,0,0,0,0,0,1,0,0,0
retencion,1,0,0,0,0,0,0,0,0,0
retener,1,0,0,0,0,0,0,0,0,0
retrasar,0,0,0,0,1,0,0,0,0,0
revelar,0,0,0,0,0,0,1,0,0,0
revisarte,0,0,0,1,0,0,0,0,0,0
revisatir,0,0,0,2,0,0,0,0,0,0
revision,0,0,0,0,0,0,0,1,0,0
rfa,1,0,0,0,0,0,0,0,0,0
riesgo,3,0,33,15,19,2,7,2,0,16
rinon,2,0,0,0,0,0,0,0,0,0
risa,1,0,0,0,0,0,0,0,0,0
ritmo,0,0,0,1,1,0,0,0,1,0
rmn,0,0,0,0,0,0,1,0,0,0
rodear,0,0,0,0,1,0,0,0,0,0
rojo,1,0,1,0,1,1,0,0,3,0
romo,0,0,0,1,0,0,0,0,0,0
ronquero,1,0,0,0,0,0,0,0,0,0
ropa,0,0,0,4,0,0,0,0,0,0
rosa,0,0,0,0,1,0,0,0,0,0
rosado,0,0,0,1,0,0,0,0,0,0
rosenberg,2,0,0,0,0,0,0,0,0,0
rosenbergs,2,0,0,0,0,0,0,0,0,0
rostro,1,0,0,3,0,0,0,0,0,0
rubio,0,0,0,1,0,0,0,0,0,0
rudin,1,0,0,0,0,0,0,0,0,0
rugosidad,0,0,0,1,0,0,0,0,0,0
rutin,0,0,0,0,0,1,0,0,0,2
saber,0,0,3,0,0,0,0,0,0,2
sacabocado,0,0,0,0,0,0,0,0,0,1
sal,1,0,0,0,0,0,0,0,0,0
salivo,1,0,0,0,0,0,0,0,0,0
saltar,1,0,0,0,0,1,0,1,0,0
salud,0,0,6,1,7,0,1,0,0,3
saludable,0,0,4,0,9,0,0,0,0,0
sanar,0,0,0,1,0,0,0,0,0,0
sangrado,8,0,3,0,5,2,1,4,4,5
sanguinear,0,0,0,0,0,0,0,0,8,0
sanguineo,1,0,0,0,0,0,1,4,0,0
sano,0,1,2,4,3,0,0,0,2,3
scientists,0,0,0,0,0,0,0,0,1,0
sclc,2,0,0,0,0,0,0,0,0,0
secrecion,1,1,0,0,0,0,1,0,0,0
secretado,0,0,0,0,0,0,1,0,0,0
secretar,0,0,0,0,0,0,1,0,0,0
secundario,0,0,0,0,1,0,0,0,0,0
sed,1,0,0,0,0,0,0,1,0,0
seems,0,0,0,0,0,0,0,0,1,0
seguimiento,0,0,0,0,1,0,0,0,0,0
seguir,1,0,1,2,1,0,0,0,0,2
segun,2,0,0,0,0,1,0,1,3,1
segundo,1,0,0,0,1,0,1,1,1,0
seguro,0,0,1,0,0,0,0,0,0,1
seis,0,0,0,0,0,0,1,0,0,0
semana,0,0,1,0,2,0,0,0,0,0
semar,0,0,0,0,6,0,0,0,0,0
semillo,0,0,0,0,0,0,1,0,0,0
seminal,0,0,0,0,1,0,0,0,0,0
senal,0,0,0,0,0,1,3,1,0,0
senalamiento,0,0,0,0,0,0,1,0,0,0
senalizacion,0,0,0,0,0,0,1,0,0,0
seno,0,1,0,0,0,0,0,0,0,0
sensacion,0,0,1,0,0,2,0,0,0,0
sensibilidad,0,1,0,0,0,0,0,0,1,0
sentado,1,0,0,0,0,0,0,0,0,0
sentar,0,0,0,0,0,0,0,0,1,1
sentir,0,0,0,0,0,0,0,1,0,2
sentirar,0,0,0,0,0,0,0,1,0,0
sentirel,0,1,0,0,0,0,0,0,0,0
septimo,0,0,0,0,0,0,1,0,0,0
ser,5,5,3,1,7,0,10,0,2,3
serioso,0,0,0,0,0,0,1,0,0,0
sero,0,0,0,0,1,0,0,0,0,1
servir,0,0,0,0,0,0,1,0,0,0
set,0,0,0,0,0,0,1,0,0,0
severidad,0,0,0,0,0,0,1,0,0,0
sexual,0,0,0,0,0,0,1,0,0,21
shilo,1,0,0,0,0,0,0,0,0,0
siadh,3,0,0,0,0,0,0,0,0,0
sibilancia,1,0,0,0,0,0,0,0,0,0
sidir,0,0,0,0,0,0,0,0,0,1
siempre,0,0,0,1,1,0,0,1,0,1
siete,0,0,0,0,1,0,0,0,0,0
sifili,0,0,0,0,0,0,0,0,0,1
siglo,2,0,0,0,1,0,0,2,0,1
significar,0,0,0,2,1,0,2,0,0,0
significativamente,0,0,0,0,0,0,0,1,0,0
significativo,0,0,0,0,0,0,1,0,0,0
signo,6,0,0,3,2,3,0,6,3,2
siguiente,3,1,3,3,2,0,1,0,1,5
similar,0,0,1,0,1,0,1,0,0,0
similari,0,0,0,0,0,0,1,0,0,0
simple,0,0,0,0,0,0,1,0,0,0
sincero,0,0,0,0,1,0,0,0,0,0
sindrom,8,0,2,0,0,0,0,0,1,0
sindromar,4,0,0,0,0,0,0,0,0,0
sindrome,11,0,1,0,0,0,0,0,0,0
sino,0,0,0,0,0,0,0,1,0,0
sintoma,22,8,7,3,14,7,6,13,10,6
sintomar,0,0,0,0,0,0,0,0,0,1
sintomatico,0,0,0,0,0,0,2,0,0,0
sistema,11,0,4,6,3,0,9,0,8,6
situacion,0,0,0,0,0,0,0,0,0,1
small,6,0,0,0,0,0,0,0,0,0
sobrellevar,0,0,0,0,1,0,0,0,0,0
sobrepeso,0,0,0,0,1,0,0,0,0,0
sobreviviente,1,0,0,0,0,0,0,1,0,0
sobrevivir,0,0,0,0,0,0,0,0,0,1
sociedad,0,1,0,0,0,0,0,0,0,0
society,3,0,0,0,0,1,0,1,0,0
sol,0,0,0,20,0,0,0,0,0,0
solamente,0,0,0,0,1,0,0,0,0,0
solar,0,0,0,11,0,0,0,0,0,0
soler,0,1,3,7,4,0,1,2,1,3
soliar,0,0,0,0,1,0,0,0,0,0
solicite,0,0,1,1,1,0,0,0,1,0
solicitud,1,0,0,0,0,0,0,0,0,0
solo,0,0,0,0,2,1,3,0,0,2
solucion,0,0,0,0,1,0,0,0,0,0
sombra,0,0,0,2,0,0,0,0,0,0
sombrero,0,0,0,1,0,0,0,0,0,0
sometete,0,0,0,0,0,0,0,0,0,1
somnolencio,1,0,0,0,0,0,0,0,0,0
sonda,0,0,1,0,0,0,0,0,0,0
sospechar,0,0,0,0,0,0,1,0,0,1
sospeche,1,0,0,0,0,0,0,0,0,0
sospechoso,0,0,0,0,0,0,1,0,0,0
soyo,0,0,0,0,1,0,0,0,0,0
stewart,1,0,0,0,0,0,0,0,0,0
suave,0,1,0,0,0,0,0,0,0,0
subir,0,0,0,0,0,0,0,1,0,0
subsahariar,0,0,0,0,0,0,1,0,0,0
subyacente,0,0,0,0,0,0,1,0,0,0
suceder,0,0,0,0,0,0,0,0,1,0
sudar,0,0,0,1,0,0,0,0,0,0
sueno,1,0,0,0,0,0,0,0,0,0
suficiente,0,0,1,0,1,0,0,0,0,1
sufrir,0,0,1,1,0,0,1,0,0,0
sugerir,0,0,0,0,0,0,0,0,0,2
suministro,0,0,1,0,0,0,0,0,0,0
superado,0,0,0,0,1,0,0,0,0,0
superficie,0,0,0,2,0,0,1,0,0,1
superior,8,0,0,1,1,0,0,0,0,0
supervivencio,1,0,0,0,0,1,0,1,0,0
suprarrenal,1,0,0,0,0,0,0,0,0,0
supresor,0,0,0,0,0,0,6,0,0,0
sur,0,0,0,0,0,0,1,0,0,0
surgir,0,0,0,0,0,0,1,0,0,0
sustancia,1,0,0,0,1,0,2,1,0,0
sutil,0,0,0,0,0,0,1,0,0,0
svc,1,0,0,0,0,0,0,0,0,0
tabaco,0,0,0,0,1,0,1,0,0,0
tabaquismo,0,0,0,0,0,0,1,0,0,0
tal,2,0,0,0,1,0,3,1,0,0
tamano,0,0,1,2,1,0,1,1,0,0
tambien,5,1,2,6,10,1,6,3,2,6
tanoue,1,0,0,0,0,0,0,0,0,0
tasa,1,0,0,0,0,1,6,1,0,0
tasar,0,0,0,0,0,0,1,0,0,0
teir,0,0,1,0,0,0,0,0,0,0
tejido,1,1,1,2,2,0,7,0,3,4
temprano,4,1,0,0,6,1,3,2,2,3
ten,0,0,0,0,1,0,1,0,0,0
tender,0,1,0,1,0,0,1,0,0,1
tendra,0,0,0,0,0,0,0,0,0,1
tener,1,0,7,3,11,1,1,1,0,10
tenerel,0,0,0,1,0,0,0,0,0,0
teniar,0,0,0,0,0,0,1,0,0,0
tepper,1,0,0,0,0,0,0,0,0,0
terapiar,2,0,1,0,3,1,0,1,0,2
terminal,0,0,0,0,0,0,1,0,0,0
termino,0,0,1,0,0,0,1,0,0,0
testosteronar,0,0,0,0,2,0,1,0,0,0
tiempo,1,0,4,1,5,0,0,0,2,2
tienda,0,0,1,1,1,0,0,0,0,0
timo,0,0,0,0,0,0,0,0,1,0
tio,0,0,0,0,1,0,0,0,0,0
tipico,0,0,1,0,1,0,0,0,0,0
tipo,4,1,4,18,7,1,16,2,18,16
to,3,0,0,0,0,0,0,0,0,0
tocar,0,0,0,0,1,0,0,0,0,0
tomar,0,0,1,1,3,0,2,0,0,3
tomarel,0,0,0,0,0,0,1,0,0,0
tomatir,0,0,0,0,1,0,0,0,0,0
tomo,0,0,0,0,0,0,0,0,0,2
tomografia,0,0,0,0,2,0,0,0,0,0
toracico,0,0,0,0,0,0,1,0,0,0
torrente,1,0,0,0,0,0,0,0,0,0
toxico,0,0,0,0,0,0,1,0,0,0
trabajar,0,0,1,0,0,0,0,0,0,0
traduccion,0,0,0,0,0,0,1,0,0,0
traductor,1,0,0,0,0,0,0,0,0,0
tragar,2,0,0,0,0,0,0,0,0,0
transcripcion,0,0,0,0,1,0,3,0,0,0
transformacion,0,0,0,0,0,0,1,0,0,0
translocacion,0,0,0,0,0,0,1,0,0,0
transmision,0,0,0,0,0,0,3,0,0,3
transmitido,0,0,0,0,0,0,1,0,0,0
transpiracion,1,0,0,0,0,0,0,0,0,0
transporte,0,0,0,0,0,0,1,0,0,0
transportir,0,0,0,0,0,0,0,0,0,1
transporto,0,0,0,0,1,0,0,0,0,0
trasero,0,0,0,1,0,0,0,0,0,0
trasmision,0,0,0,0,0,0,0,0,0,1
trasmitar,0,0,0,0,0,0,0,0,0,2
trasplante,0,0,0,1,0,0,0,0,0,0
trastorno,0,0,0,0,0,0,1,0,1,0
tratamiento,12,0,1,0,15,5,5,4,4,6
tratar,0,0,2,0,5,1,0,0,0,2
tratarel,2,0,0,0,1,0,0,0,0,2
trav,0,0,0,0,0,0,3,0,0,1
treatment,2,0,0,0,0,0,0,0,0,0
tres,0,0,0,0,0,0,0,0,0,1
trombosis,0,0,0,0,0,0,0,1,0,0
trompa,0,0,0,0,0,0,0,0,0,1
tronco,0,0,0,1,0,0,0,0,0,0
ttf,1,0,0,0,0,0,0,0,0,0
tumoral,0,0,0,0,0,0,4,0,0,0
tumors,1,0,0,0,0,0,0,0,0,0
typ,1,0,0,0,0,0,0,0,0,0
ubicacion,0,0,1,0,0,0,1,0,0,0
ubicado,0,0,0,0,0,0,2,0,0,0
ulcero,0,0,2,0,0,1,0,0,0,0
ultimo,0,0,1,0,0,0,0,0,0,0
ultrasonido,0,0,0,0,0,0,1,0,0,0
ultravioleta,0,0,0,5,0,0,0,0,0,0
understand,0,0,0,0,0,0,0,0,1,0
unifocal,0,0,0,0,0,0,1,0,0,0
union,1,0,0,0,0,0,0,0,0,0
urea,0,0,0,0,0,0,1,0,0,0
uretro,0,0,0,0,1,0,0,0,0,0
urologo,0,0,0,0,3,0,0,0,0,0
usado,0,0,0,0,0,0,1,0,0,0
usar,0,0,2,2,2,0,4,0,0,4
uso,1,0,1,1,0,0,0,0,0,0
usted,1,0,0,0,0,1,0,0,0,0
usualmente,0,0,0,0,0,0,2,0,0,0
utero,0,0,0,0,0,0,0,0,0,57
utiliz,0,0,0,1,0,0,0,0,0,0
utilizado,0,0,0,1,0,0,0,0,0,0
utilizar,0,0,0,5,3,0,2,0,0,2
utilizarel,0,0,0,0,0,0,0,0,0,1
vacia,0,0,1,0,0,0,0,0,0,0
vaciarel,0,0,0,0,0,0,1,0,0,0
vacuna,0,0,0,0,0,0,1,0,0,5
vaginal,0,0,0,0,0,0,0,0,0,6
vaginar,0,0,0,0,0,0,0,0,0,3
valor,0,0,0,0,0,0,1,0,0,0
variado,0,0,1,0,0,0,0,0,0,0
variar,0,1,0,0,1,0,1,0,1,0
variedad,0,0,3,1,2,0,1,0,0,0
varios,0,0,0,0,0,0,8,0,0,3
vaso,0,0,0,0,0,0,1,0,0,0
vegf,0,0,0,0,0,0,1,0,0,0
vejigar,0,0,0,0,3,0,0,0,0,0
velocidad,0,0,0,0,2,0,0,0,2,0
vena,7,0,0,0,0,0,0,1,0,0
veno,0,0,0,0,0,0,0,1,0,0
ver,2,0,0,0,0,0,0,0,0,0
verdura,0,0,3,0,2,0,0,0,0,0
version,1,0,2,2,2,0,0,0,2,1
vertical,0,0,0,0,0,0,1,0,0,0
vesicular,0,0,0,0,0,0,2,2,0,0
vesiculo,0,0,0,0,0,0,1,1,0,0
vez,4,2,1,2,2,1,4,6,1,5
vhb,0,0,0,0,0,0,7,0,0,0
vhc,0,0,0,0,0,0,3,0,0,0
via,0,0,0,0,0,0,3,3,0,0
vida,2,0,2,0,0,1,1,1,1,1
video,1,0,0,0,3,0,0,0,0,1
vido,1,0,0,0,0,0,0,0,0,0
viejo,0,0,0,1,0,0,0,0,0,0
vientre,0,0,0,0,0,0,0,1,0,0
vigilancia,0,0,0,0,0,0,1,0,0,0
vigilarel,0,0,0,0,0,0,0,0,0,1
vih,0,0,0,1,0,0,0,0,0,1
vincular,0,0,0,0,0,0,0,0,0,1
vincularel,0,0,1,0,0,0,0,0,0,0
vinculo,0,0,0,0,1,0,0,0,0,0
viral,0,0,0,0,0,1,0,0,0,0
virion,0,0,0,0,0,0,2,0,0,0
virus,0,0,0,0,0,0,18,0,0,20
visible,0,0,0,0,0,0,1,0,0,0
vision,0,0,0,0,0,0,0,0,0,1
visitar,0,0,0,0,1,0,0,0,0,1
visto,1,0,0,0,1,0,1,0,0,0
visualizar,0,0,0,0,0,0,1,0,0,0
vitamina,0,0,2,0,1,0,0,0,0,0
vivar,0,0,0,0,1,0,0,0,0,0
vivir,0,0,2,1,2,0,0,0,0,1
viviriar,0,0,0,1,1,0,0,0,0,0
volver,1,0,0,3,2,0,0,0,0,0
volverel,1,0,0,0,0,0,0,2,0,0
vomito,2,0,0,0,0,1,0,3,0,0
vph,0,0,0,0,0,0,0,0,0,11
vulnerable,0,0,0,0,0,0,1,0,0,0
zona,2,1,1,3,0,0,0,0,0,0
